,,,,,,,,,,,,,,Random Total,"8567,00%",,,,,,,,,,,,,,,,,,,"12363,00%",7545470975,Cob2+,,,,,,
,,,,,,,,,,,,,,Random No TV,"4328,00%",,1,Target,Individuos 16+,,,,,,,,,,,,,,,,6777637764,Cob3+,,,,,,
,,,,,,,,,,,,,,,Corr Dupl,,1,Universo 000,"41.582",,,,,,,,,,,,,,,,84,305,,,,,,
,,,,,,,,,,,,,,Medios Dig,7,,,Presupuesto,1.200.000,,,,,,,,,,,,,,,,747,442,,,,,,
,,,,,,,,,,,,,,Tv + Dig,9,,Escala,,,,,,,,,,,,,,,,,,398,93,,,,,,
,,,,,,,,,,,,,,,9,,1.500.000,,Inversión,%,CPM,Impresiones Totales 000,% Rendimiento,GRPs Target,Cob %,Frec,Cob 000,Impresiones Target,CPM Target,C/GRP Target,C/GRP 100% Rdto,,,Att Cob %,,,,,,,,
,,,,,,,,,,,,,,,,,,Global,1.200.000,"10000,00%",35,343.256,100%,825,"8400,00%",983,34.930,343.256,35,1.454,1.454,,,"8400,00%",,,,,,,,
,,,,,,,,,,,,,,,,,,,,,,,,,"8777,00%",,,,,,,,,,,,,,,,,
,,,,,,,,,,,,,,A,B,C,Nº,Channel,Inversión,% Inv,CPM Compra,Impresiones Totales 000,% Rendimiento,GRPs Target,Cob %,Frec,Cob 000,Impresiones Target,CPM Target,C/GRP Target,C/GRP 100% Rdto,Coste Marginal €,,Att Cob %,,,,,,,Plan  100% Medio1,"7914,00%"
,,,,,,,,,,,,1,,858,1091,-9097,1,Televisión,644.830,"5370,00%",217,297.157,"10000,00%",715,"7470,00%",956,31.077,297.157,217,902,902,18,,"7474,00%",,,,,,,,
,,,,,,,,,,,,1,,7191,102,-10022,2,Digital Video,325.102,"2710,00%",915,35.530,"10000,00%",85,"3270,00%",262,13.587,35.530,915,3.805,3.805,4,,"3981,00%",,,,,,,,
,,,,,,,,,,,,1,,4678,216,-11836,3,Cine,160.068,"1330,00%",23,6.959,"10000,00%",17,"1250,00%",134,5.206,6.959,23,9.564,9.564,4,,,,,,,,,,
,,,,,,,,,,,,1,,1908,469,-945,4,BVOD,70.000,"580,00%",1939,3.610,"10000,00%",9,"370,00%",235,1.537,3.610,1939,8.063,8.063,6,,,,,,,,,,
,,,,,,,,,,,,1,,#N/D,#N/D,#N/D,5,,,,0,,"10000,00%",,,,,,,,,#¡VALOR!,,,,,,,,,,
,,,,,,,,,,,,1,,#N/D,#N/D,#N/D,6,,,,0,,"10000,00%",,,,,,,,,#¡VALOR!,,,,,,,,,,
,,,,,,,,,,,,,,,,,,,,,,,"10000,00%",,,,,,,,,#¡VALOR!,,,,,,,,,,
,,,,,,,,,,,,,,,,,,,,,,,"10000,00%",,,,,,,,,#¡VALOR!,,,,,,,,,,
,,,,,,,,,,,,,,,,,,,,,,,,,,,,,,,,,,,,,,,,,,
,,,,,,,,,,,,,,,,,,,,,,,,,,,,,,,,,,,,,,,,,,
,,,,,,,,,,,,,,,,,,,,,,,,,,,,,,,,,,,,,,,,,,
,,,,,,,,,,,,,,,,,,,,,,,,,,,,,,,,,,,,,,,,,,
,,,,,,,,,,,,,,,,,,,,,,,,,,,,,,,,,,,,,,,,,,
,,,,,,,,,,,,,,,,,,,,,,,,,,,,,,,,,,,,,,,,,,
,,,,,,,,,,,,,,,,,,,,,,,,,,,,,,,,,,,,,,,,,,
,,,,,,,,,,,,,,,,,,,,,,,,,,,,,,,,,,,,,,,,,,
,,,,,,,,,,,,,,,,,,,,,,,,,,,,,,,,,,,,,,,,,,
,,,,,,,,,,,,,,,,,,,,,,,,,,,,,,,,,,,,,,,,,,
,,,,,,,,,,,,,,,,,,,,,,,,,,,,,,,,,,,,,,,,,,
,,,,,,,,,,,,,,,,,,,,,,,,,,,,,,,,,,,,,,,,,,
,,,,,,,,,,,,,,,,,,,,,,,,,,,,,,,,,,,,,,,,,,
,,,,,,,,,,,,,,,,,,,,,,,,,,,,,,,,,,,,,,,,,,
,,,,,,,,,,,,,,,,,,,,,,,,,,,,,,,,,,,,,,,,,,
,,,,Televisión,Digital Video,Cine,BVOD,,,,,,,,,,,,,,,,,,,,,,,,,,,,,,,,,,,
,999,,1500000,8,57,39,16,#¡VALOR!,#¡VALOR!,#¡VALOR!,#¡VALOR!,,,,,,,,,,,,,,,,,,,,,,,,,,,,,,,
,998,,14984985,8,57,39,16,#¡VALOR!,#¡VALOR!,#¡VALOR!,#¡VALOR!,,,,,,,,,,,,,,,,,,,,,,,,,,,,,,,
,997,,1496997,8,57,39,16,#¡VALOR!,#¡VALOR!,#¡VALOR!,#¡VALOR!,,,,,,,,,,,,,,,,,,,,,,,,,,,,,,,
,996,,14954955,8,57,39,16,#¡VALOR!,#¡VALOR!,#¡VALOR!,#¡VALOR!,,,,,,,,,,,,,,,,,,,,,,,,,,,,,,,
,995,,149399399,8,57,39,16,#¡VALOR!,#¡VALOR!,#¡VALOR!,#¡VALOR!,,,,,,,,,,,,,,,,,,,,,,,,,,,,,,,
,994,,149249249,8,57,39,15,#¡VALOR!,#¡VALOR!,#¡VALOR!,#¡VALOR!,,,,,,,,,,,,,,,,,,,,,,,,,,,,,,,
,993,,149099099,8,57,39,15,#¡VALOR!,#¡VALOR!,#¡VALOR!,#¡VALOR!,,,,,,,,,,,,,,,,,,,,,,,,,,,,,,,
,992,,148948949,8,57,39,15,#¡VALOR!,#¡VALOR!,#¡VALOR!,#¡VALOR!,,,,,,,,,,,,,,,,,,,,,,,,,,,,,,,
,991,,148798799,8,57,39,15,#¡VALOR!,#¡VALOR!,#¡VALOR!,#¡VALOR!,,,,,,,,,,,,,,,,,,,,,,,,,,,,,,,
,990,,148648649,8,57,39,15,#¡VALOR!,#¡VALOR!,#¡VALOR!,#¡VALOR!,,,,,,,,,,,,,,,,,,,,,,,,,,,,,,,
,989,,148498498,8,57,39,15,#¡VALOR!,#¡VALOR!,#¡VALOR!,#¡VALOR!,,,,,,,,,,,,,,,,,,,,,,,,,,,,,,,
,988,,148348348,8,57,39,15,#¡VALOR!,#¡VALOR!,#¡VALOR!,#¡VALOR!,,,,,,,,,,,,,,,,,,,,,,,,,,,,,,,
,987,,148198198,8,57,39,15,#¡VALOR!,#¡VALOR!,#¡VALOR!,#¡VALOR!,,,,,,,,,,,,,,,,,,,,,,,,,,,,,,,
,986,,148048048,8,57,39,15,#¡VALOR!,#¡VALOR!,#¡VALOR!,#¡VALOR!,,,,,,,,,,,,,,,,,,,,,,,,,,,,,,,
,985,,147897898,8,57,39,15,#¡VALOR!,#¡VALOR!,#¡VALOR!,#¡VALOR!,,,,,,,,,,,,,,,,,,,,,,,,,,,,,,,
,984,,147747748,8,57,39,15,#¡VALOR!,#¡VALOR!,#¡VALOR!,#¡VALOR!,,,,,,,,,,,,,,,,,,,,,,,,,,,,,,,
,983,,147597598,8,57,39,15,#¡VALOR!,#¡VALOR!,#¡VALOR!,#¡VALOR!,,,,,,,,,,,,,,,,,,,,,,,,,,,,,,,
,982,,147447447,8,57,39,15,#¡VALOR!,#¡VALOR!,#¡VALOR!,#¡VALOR!,,,,,,,,,,,,,,,,,,,,,,,,,,,,,,,
,981,,147297297,8,57,39,15,#¡VALOR!,#¡VALOR!,#¡VALOR!,#¡VALOR!,,,,,,,,,,,,,,,,,,,,,,,,,,,,,,,
,980,,147147147,8,57,39,15,#¡VALOR!,#¡VALOR!,#¡VALOR!,#¡VALOR!,,,,,,,,,,,,,,,,,,,,,,,,,,,,,,,
,979,,146996997,8,57,39,15,#¡VALOR!,#¡VALOR!,#¡VALOR!,#¡VALOR!,,,,,,,,,,,,,,,,,,,,,,,,,,,,,,,
,978,,146846847,8,57,39,15,#¡VALOR!,#¡VALOR!,#¡VALOR!,#¡VALOR!,,,,,,,,,,,,,,,,,,,,,,,,,,,,,,,
,977,,146696697,8,57,39,15,#¡VALOR!,#¡VALOR!,#¡VALOR!,#¡VALOR!,,,,,,,,,,,,,,,,,,,,,,,,,,,,,,,
,976,,146546547,8,57,39,15,#¡VALOR!,#¡VALOR!,#¡VALOR!,#¡VALOR!,,,,,,,,,,,,,,,,,,,,,,,,,,,,,,,
,975,,146396396,8,57,39,15,#¡VALOR!,#¡VALOR!,#¡VALOR!,#¡VALOR!,,,,,,,,,,,,,,,,,,,,,,,,,,,,,,,
,974,,146246246,8,57,39,15,#¡VALOR!,#¡VALOR!,#¡VALOR!,#¡VALOR!,,,,,,,,,,,,,,,,,,,,,,,,,,,,,,,
,973,,146096096,8,57,39,15,#¡VALOR!,#¡VALOR!,#¡VALOR!,#¡VALOR!,,,,,,,,,,,,,,,,,,,,,,,,,,,,,,,
,972,,145945946,8,57,39,15,#¡VALOR!,#¡VALOR!,#¡VALOR!,#¡VALOR!,,,,,,,,,,,,,,,,,,,,,,,,,,,,,,,
,971,,145795796,8,57,39,15,#¡VALOR!,#¡VALOR!,#¡VALOR!,#¡VALOR!,,,,,,,,,,,,,,,,,,,,,,,,,,,,,,,
,970,,145645646,8,57,39,15,#¡VALOR!,#¡VALOR!,#¡VALOR!,#¡VALOR!,,,,,,,,,,,,,,,,,,,,,,,,,,,,,,,
,969,,145495495,8,57,39,15,#¡VALOR!,#¡VALOR!,#¡VALOR!,#¡VALOR!,,,,,,,,,,,,,,,,,,,,,,,,,,,,,,,
,968,,145345345,8,57,39,15,#¡VALOR!,#¡VALOR!,#¡VALOR!,#¡VALOR!,,,,,,,,,,,,,,,,,,,,,,,,,,,,,,,
,967,,145195195,8,57,39,15,#¡VALOR!,#¡VALOR!,#¡VALOR!,#¡VALOR!,,,,,,,104,Factor Sinergia  Omnicanalidad,,,,,,,,,,,,,,,,,,,,,,,
,966,,145045045,8,57,39,15,#¡VALOR!,#¡VALOR!,#¡VALOR!,#¡VALOR!,,,,,,,,,,,,,,,,,,,,,,,,,,,,,,,
,965,,144894895,8,57,39,15,#¡VALOR!,#¡VALOR!,#¡VALOR!,#¡VALOR!,,,,,,,,,,,,,,,,,,,,,,,,,,,,,,,
,964,,144744745,8,57,39,15,#¡VALOR!,#¡VALOR!,#¡VALOR!,#¡VALOR!,,,,,,,,,,,,,,,,,,,,,,,,,,,,,,,
,963,,144594595,8,57,39,15,#¡VALOR!,#¡VALOR!,#¡VALOR!,#¡VALOR!,,,,,,,,,,,,,,,,,,,,,,,,,,,,,,,
,962,,144444444,8,57,39,15,#¡VALOR!,#¡VALOR!,#¡VALOR!,#¡VALOR!,,,,,,,,,,,,,,,,,,,,,,,,,,,,,,,
,961,,144294294,8,57,39,15,#¡VALOR!,#¡VALOR!,#¡VALOR!,#¡VALOR!,,,,,,,,,,,,,,,,,,,,,,,,,,,,,,,
,960,,144144144,8,57,39,15,#¡VALOR!,#¡VALOR!,#¡VALOR!,#¡VALOR!,,,,,,,,,,,,,,,,,,,,,,,,,,,,,,,
,959,,143993994,8,57,39,15,#¡VALOR!,#¡VALOR!,#¡VALOR!,#¡VALOR!,,,,,,,,,,,,,,,,,,,,,,,,,,,,,,,
,958,,143843844,8,57,39,15,#¡VALOR!,#¡VALOR!,#¡VALOR!,#¡VALOR!,,,,,,,,,,,,,,,,,,,,,,,,,,,,,,,
,957,,143693694,8,57,39,15,#¡VALOR!,#¡VALOR!,#¡VALOR!,#¡VALOR!,,,,,,,,,,,,,,,,,,,,,,,,,,,,,,,
,956,,143543544,8,57,39,15,#¡VALOR!,#¡VALOR!,#¡VALOR!,#¡VALOR!,,,,,,,,,,,,,,,,,,,,,,,,,,,,,,,
,955,,143393393,8,57,39,15,#¡VALOR!,#¡VALOR!,#¡VALOR!,#¡VALOR!,,,,,,,,,,,,,,,,,,,,,,,,,,,,,,,
,954,,143243243,8,57,39,15,#¡VALOR!,#¡VALOR!,#¡VALOR!,#¡VALOR!,,,,,,,,,,,,,,,,,,,,,,,,,,,,,,,
,953,,143093093,8,57,39,15,#¡VALOR!,#¡VALOR!,#¡VALOR!,#¡VALOR!,,,,,,,,,,,,,,,,,,,,,,,,,,,,,,,
,952,,142942943,8,57,39,15,#¡VALOR!,#¡VALOR!,#¡VALOR!,#¡VALOR!,,,,,,,,,,,,,,,,,,,,,,,,,,,,,,,
,951,,142792793,8,57,39,15,#¡VALOR!,#¡VALOR!,#¡VALOR!,#¡VALOR!,,,,,,,,,,,,,,,,,,,,,,,,,,,,,,,
,950,,142642643,8,56,39,15,#¡VALOR!,#¡VALOR!,#¡VALOR!,#¡VALOR!,,,,,,,,,,,,,,,,,,,,,,,,,,,,,,,
,949,,142492492,8,56,39,15,#¡VALOR!,#¡VALOR!,#¡VALOR!,#¡VALOR!,,,,,,,,,,,,,,,,,,,,,,,,,,,,,,,
,948,,142342342,8,56,39,15,#¡VALOR!,#¡VALOR!,#¡VALOR!,#¡VALOR!,,,,,,,,,,,,,,,,,,,,,,,,,,,,,,,
,947,,142192192,8,56,39,15,#¡VALOR!,#¡VALOR!,#¡VALOR!,#¡VALOR!,,,,,,,,,,,,,,,,,,,,,,,,,,,,,,,
,946,,142042042,8,56,39,15,#¡VALOR!,#¡VALOR!,#¡VALOR!,#¡VALOR!,,,,,,,,,,,,,,,,,,,,,,,,,,,,,,,
,945,,141891892,8,56,39,15,#¡VALOR!,#¡VALOR!,#¡VALOR!,#¡VALOR!,,,,,,,,,,,,,,,,,,,,,,,,,,,,,,,
,944,,141741742,8,56,39,15,#¡VALOR!,#¡VALOR!,#¡VALOR!,#¡VALOR!,,,,,,,,,,,,,,,,,,,,,,,,,,,,,,,
,943,,141591592,8,56,39,15,#¡VALOR!,#¡VALOR!,#¡VALOR!,#¡VALOR!,,,,,,,,,,,,,,,,,,,,,,,,,,,,,,,
,942,,141441441,8,56,39,15,#¡VALOR!,#¡VALOR!,#¡VALOR!,#¡VALOR!,,,,,,,,,,,,,,,,,,,,,,,,,,,,,,,
,941,,141291291,8,56,39,15,#¡VALOR!,#¡VALOR!,#¡VALOR!,#¡VALOR!,,,,,,,,,,,,,,,,,,,,,,,,,,,,,,,
,940,,141141141,8,56,39,15,#¡VALOR!,#¡VALOR!,#¡VALOR!,#¡VALOR!,,,,,,,,,,,,,,,,,,,,,,,,,,,,,,,
,939,,140990991,8,56,39,15,#¡VALOR!,#¡VALOR!,#¡VALOR!,#¡VALOR!,,,,,,,,,,,,,,,,,,,,,,,,,,,,,,,
,938,,140840841,8,56,39,15,#¡VALOR!,#¡VALOR!,#¡VALOR!,#¡VALOR!,,,,,,,,,,,,,,,,,,,,,,,,,,,,,,,
,937,,140690691,8,56,39,15,#¡VALOR!,#¡VALOR!,#¡VALOR!,#¡VALOR!,,,,,,,,,,,,,,,,,,,,,,,,,,,,,,,
,936,,140540541,8,56,39,15,#¡VALOR!,#¡VALOR!,#¡VALOR!,#¡VALOR!,,,,,,,,,,,,,,,,,,,,,,,,,,,,,,,
,935,,14039039,8,56,39,15,#¡VALOR!,#¡VALOR!,#¡VALOR!,#¡VALOR!,,,,,,,,,,,,,,,,,,,,,,,,,,,,,,,
,934,,14024024,8,56,39,15,#¡VALOR!,#¡VALOR!,#¡VALOR!,#¡VALOR!,,,,,,,,,,,,,,,,,,,,,,,,,,,,,,,
,933,,14009009,8,56,39,15,#¡VALOR!,#¡VALOR!,#¡VALOR!,#¡VALOR!,,,,,,,,,,,,,,,,,,,,,,,,,,,,,,,
,932,,13993994,8,56,39,15,#¡VALOR!,#¡VALOR!,#¡VALOR!,#¡VALOR!,,,,,,,,,,,,,,,,,,,,,,,,,,,,,,,
,931,,13978979,8,56,39,15,#¡VALOR!,#¡VALOR!,#¡VALOR!,#¡VALOR!,,,,,,,,,,,,,,,,,,,,,,,,,,,,,,,
,930,,13963964,8,56,39,15,#¡VALOR!,#¡VALOR!,#¡VALOR!,#¡VALOR!,,,,,,,,,,,,,,,,,,,,,,,,,,,,,,,
,929,,139489489,8,56,39,15,#¡VALOR!,#¡VALOR!,#¡VALOR!,#¡VALOR!,,,,,,,,,,,,,,,,,,,,,,,,,,,,,,,
,928,,139339339,8,56,39,15,#¡VALOR!,#¡VALOR!,#¡VALOR!,#¡VALOR!,,,,,,,,,,,,,,,,,,,,,,,,,,,,,,,
,927,,139189189,8,56,39,15,#¡VALOR!,#¡VALOR!,#¡VALOR!,#¡VALOR!,,,,,,,,,,,,,,,,,,,,,,,,,,,,,,,
,926,,139039039,8,56,39,15,#¡VALOR!,#¡VALOR!,#¡VALOR!,#¡VALOR!,,,,,,,,,,,,,,,,,,,,,,,,,,,,,,,
,925,,138888889,8,56,39,15,#¡VALOR!,#¡VALOR!,#¡VALOR!,#¡VALOR!,,,,,,,,,,,,,,,,,,,,,,,,,,,,,,,
,924,,138738739,8,56,39,15,#¡VALOR!,#¡VALOR!,#¡VALOR!,#¡VALOR!,,,,,,,,,,,,,,,,,,,,,,,,,,,,,,,
,923,,138588589,8,56,39,15,#¡VALOR!,#¡VALOR!,#¡VALOR!,#¡VALOR!,,,,,,,,,,,,,,,,,,,,,,,,,,,,,,,
,922,,138438438,8,56,39,15,#¡VALOR!,#¡VALOR!,#¡VALOR!,#¡VALOR!,,,,,,,,,,,,,,,,,,,,,,,,,,,,,,,
,921,,138288288,8,56,39,15,#¡VALOR!,#¡VALOR!,#¡VALOR!,#¡VALOR!,,,,,,,,,,,,,,,,,,,,,,,,,,,,,,,
,920,,138138138,8,56,39,15,#¡VALOR!,#¡VALOR!,#¡VALOR!,#¡VALOR!,,,,,,,,,,,,,,,,,,,,,,,,,,,,,,,
,919,,137987988,8,56,39,15,#¡VALOR!,#¡VALOR!,#¡VALOR!,#¡VALOR!,,,,,,,,,,,,,,,,,,,,,,,,,,,,,,,
,918,,137837838,8,56,39,15,#¡VALOR!,#¡VALOR!,#¡VALOR!,#¡VALOR!,,,,,,,,,,,,,,,,,,,,,,,,,,,,,,,
,917,,137687688,8,56,39,15,#¡VALOR!,#¡VALOR!,#¡VALOR!,#¡VALOR!,,,,,,,,,,,,,,,,,,,,,,,,,,,,,,,
,916,,137537538,8,56,39,15,#¡VALOR!,#¡VALOR!,#¡VALOR!,#¡VALOR!,,,,,,,,,,,,,,,,,,,,,,,,,,,,,,,
,915,,137387387,8,56,39,15,#¡VALOR!,#¡VALOR!,#¡VALOR!,#¡VALOR!,,,,,,,,,,,,,,,,,,,,,,,,,,,,,,,
,914,,137237237,8,56,38,15,#¡VALOR!,#¡VALOR!,#¡VALOR!,#¡VALOR!,,,,,,,,,,,,,,,,,,,,,,,,,,,,,,,
,913,,137087087,8,56,38,15,#¡VALOR!,#¡VALOR!,#¡VALOR!,#¡VALOR!,,,,,,,,,,,,,,,,,,,,,,,,,,,,,,,
,912,,136936937,8,56,38,15,#¡VALOR!,#¡VALOR!,#¡VALOR!,#¡VALOR!,,,,,,,,,,,,,,,,,,,,,,,,,,,,,,,
,911,,136786787,8,56,38,15,#¡VALOR!,#¡VALOR!,#¡VALOR!,#¡VALOR!,,,,,,,,,,,,,,,,,,,,,,,,,,,,,,,
,910,,136636637,8,56,38,15,#¡VALOR!,#¡VALOR!,#¡VALOR!,#¡VALOR!,,,,,,,,,,,,,,,,,,,,,,,,,,,,,,,
,909,,136486486,8,56,38,15,#¡VALOR!,#¡VALOR!,#¡VALOR!,#¡VALOR!,,,,,,,,,,,,,,,,,,,,,,,,,,,,,,,
,908,,136336336,8,56,38,15,#¡VALOR!,#¡VALOR!,#¡VALOR!,#¡VALOR!,,,,,,,,,,,,,,,,,,,,,,,,,,,,,,,
,907,,136186186,8,56,38,15,#¡VALOR!,#¡VALOR!,#¡VALOR!,#¡VALOR!,,,,,,,,,,,,,,,,,,,,,,,,,,,,,,,
,906,,136036036,8,56,38,15,#¡VALOR!,#¡VALOR!,#¡VALOR!,#¡VALOR!,,,,,,,,,,,,,,,,,,,,,,,,,,,,,,,
,905,,135885886,8,56,38,15,#¡VALOR!,#¡VALOR!,#¡VALOR!,#¡VALOR!,,,,,,,,,,,,,,,,,,,,,,,,,,,,,,,
,904,,135735736,8,56,38,15,#¡VALOR!,#¡VALOR!,#¡VALOR!,#¡VALOR!,,,,,,,,,,,,,,,,,,,,,,,,,,,,,,,
,903,,135585586,8,56,38,15,#¡VALOR!,#¡VALOR!,#¡VALOR!,#¡VALOR!,,,,,,,,,,,,,,,,,,,,,,,,,,,,,,,
,902,,135435435,8,56,38,15,#¡VALOR!,#¡VALOR!,#¡VALOR!,#¡VALOR!,,,,,,,,,,,,,,,,,,,,,,,,,,,,,,,
,901,,135285285,8,56,38,15,#¡VALOR!,#¡VALOR!,#¡VALOR!,#¡VALOR!,,,,,,,,,,,,,,,,,,,,,,,,,,,,,,,
,900,,135135135,8,56,38,15,#¡VALOR!,#¡VALOR!,#¡VALOR!,#¡VALOR!,,,,,,,,,,,,,,,,,,,,,,,,,,,,,,,
,899,,134984985,8,56,38,15,#¡VALOR!,#¡VALOR!,#¡VALOR!,#¡VALOR!,,,,,,,,,,,,,,,,,,,,,,,,,,,,,,,
,898,,134834835,8,56,38,15,#¡VALOR!,#¡VALOR!,#¡VALOR!,#¡VALOR!,,,,,,,,,,,,,,,,,,,,,,,,,,,,,,,
,897,,134684685,8,56,38,15,#¡VALOR!,#¡VALOR!,#¡VALOR!,#¡VALOR!,,,,,,,,,,,,,,,,,,,,,,,,,,,,,,,
,896,,134534535,8,56,38,15,#¡VALOR!,#¡VALOR!,#¡VALOR!,#¡VALOR!,,,,,,,,,,,,,,,,,,,,,,,,,,,,,,,
,895,,134384384,8,56,38,15,#¡VALOR!,#¡VALOR!,#¡VALOR!,#¡VALOR!,,,,,,,,,,,,,,,,,,,,,,,,,,,,,,,
,894,,134234234,8,56,38,15,#¡VALOR!,#¡VALOR!,#¡VALOR!,#¡VALOR!,,,,,,,,,,,,,,,,,,,,,,,,,,,,,,,
,893,,134084084,8,56,38,15,#¡VALOR!,#¡VALOR!,#¡VALOR!,#¡VALOR!,,,,,,,,,,,,,,,,,,,,,,,,,,,,,,,
,892,,133933934,8,56,38,15,#¡VALOR!,#¡VALOR!,#¡VALOR!,#¡VALOR!,,,,,,,,,,,,,,,,,,,,,,,,,,,,,,,
,891,,133783784,8,56,38,15,#¡VALOR!,#¡VALOR!,#¡VALOR!,#¡VALOR!,,,,,,,,,,,,,,,,,,,,,,,,,,,,,,,
,890,,133633634,8,56,38,15,#¡VALOR!,#¡VALOR!,#¡VALOR!,#¡VALOR!,,,,,,,,,,,,,,,,,,,,,,,,,,,,,,,
,889,,133483483,8,56,38,15,#¡VALOR!,#¡VALOR!,#¡VALOR!,#¡VALOR!,,,,,,,,,,,,,,,,,,,,,,,,,,,,,,,
,888,,133333333,8,56,38,15,#¡VALOR!,#¡VALOR!,#¡VALOR!,#¡VALOR!,,,,,,,,,,,,,,,,,,,,,,,,,,,,,,,
,887,,133183183,8,56,38,15,#¡VALOR!,#¡VALOR!,#¡VALOR!,#¡VALOR!,,,,,,,,,,,,,,,,,,,,,,,,,,,,,,,
,886,,133033033,8,56,38,15,#¡VALOR!,#¡VALOR!,#¡VALOR!,#¡VALOR!,,,,,,,,,,,,,,,,,,,,,,,,,,,,,,,
,885,,132882883,8,56,38,15,#¡VALOR!,#¡VALOR!,#¡VALOR!,#¡VALOR!,,,,,,,,,,,,,,,,,,,,,,,,,,,,,,,
,884,,132732733,8,56,38,15,#¡VALOR!,#¡VALOR!,#¡VALOR!,#¡VALOR!,,,,,,,,,,,,,,,,,,,,,,,,,,,,,,,
,883,,132582583,8,56,38,15,#¡VALOR!,#¡VALOR!,#¡VALOR!,#¡VALOR!,,,,,,,,,,,,,,,,,,,,,,,,,,,,,,,
,882,,132432432,8,56,38,15,#¡VALOR!,#¡VALOR!,#¡VALOR!,#¡VALOR!,,,,,,,,,,,,,,,,,,,,,,,,,,,,,,,
,881,,132282282,8,56,38,15,#¡VALOR!,#¡VALOR!,#¡VALOR!,#¡VALOR!,,,,,,,,,,,,,,,,,,,,,,,,,,,,,,,
,880,,132132132,8,56,38,15,#¡VALOR!,#¡VALOR!,#¡VALOR!,#¡VALOR!,,,,,,,,,,,,,,,,,,,,,,,,,,,,,,,
,879,,131981982,8,56,38,15,#¡VALOR!,#¡VALOR!,#¡VALOR!,#¡VALOR!,,,,,,,,,,,,,,,,,,,,,,,,,,,,,,,
,878,,131831832,8,56,38,15,#¡VALOR!,#¡VALOR!,#¡VALOR!,#¡VALOR!,,,,,,,,,,,,,,,,,,,,,,,,,,,,,,,
,877,,131681682,8,56,38,15,#¡VALOR!,#¡VALOR!,#¡VALOR!,#¡VALOR!,,,,,,,,,,,,,,,,,,,,,,,,,,,,,,,
,876,,131531532,8,55,38,15,#¡VALOR!,#¡VALOR!,#¡VALOR!,#¡VALOR!,,,,,,,,,,,,,,,,,,,,,,,,,,,,,,,
,875,,131381381,8,55,38,15,#¡VALOR!,#¡VALOR!,#¡VALOR!,#¡VALOR!,,,,,,,,,,,,,,,,,,,,,,,,,,,,,,,
,874,,131231231,8,55,38,15,#¡VALOR!,#¡VALOR!,#¡VALOR!,#¡VALOR!,,,,,,,,,,,,,,,,,,,,,,,,,,,,,,,
,873,,131081081,8,55,38,15,#¡VALOR!,#¡VALOR!,#¡VALOR!,#¡VALOR!,,,,,,,,,,,,,,,,,,,,,,,,,,,,,,,
,872,,130930931,8,55,38,15,#¡VALOR!,#¡VALOR!,#¡VALOR!,#¡VALOR!,,,,,,,,,,,,,,,,,,,,,,,,,,,,,,,
,871,,130780781,8,55,38,15,#¡VALOR!,#¡VALOR!,#¡VALOR!,#¡VALOR!,,,,,,,,,,,,,,,,,,,,,,,,,,,,,,,
,870,,130630631,8,55,38,15,#¡VALOR!,#¡VALOR!,#¡VALOR!,#¡VALOR!,,,,,,,,,,,,,,,,,,,,,,,,,,,,,,,
,869,,13048048,8,55,38,15,#¡VALOR!,#¡VALOR!,#¡VALOR!,#¡VALOR!,,,,,,,,,,,,,,,,,,,,,,,,,,,,,,,
,868,,13033033,8,55,38,15,#¡VALOR!,#¡VALOR!,#¡VALOR!,#¡VALOR!,,,,,,,,,,,,,,,,,,,,,,,,,,,,,,,
,867,,13018018,8,55,38,15,#¡VALOR!,#¡VALOR!,#¡VALOR!,#¡VALOR!,,,,,,,,,,,,,,,,,,,,,,,,,,,,,,,
,866,,13003003,8,55,38,15,#¡VALOR!,#¡VALOR!,#¡VALOR!,#¡VALOR!,,,,,,,,,,,,,,,,,,,,,,,,,,,,,,,
,865,,12987988,8,55,38,15,#¡VALOR!,#¡VALOR!,#¡VALOR!,#¡VALOR!,,,,,,,,,,,,,,,,,,,,,,,,,,,,,,,
,864,,12972973,8,55,38,15,#¡VALOR!,#¡VALOR!,#¡VALOR!,#¡VALOR!,,,,,,,,,,,,,,,,,,,,,,,,,,,,,,,
,863,,12957958,8,55,38,15,#¡VALOR!,#¡VALOR!,#¡VALOR!,#¡VALOR!,,,,,,,,,,,,,,,,,,,,,,,,,,,,,,,
,862,,129429429,8,55,38,15,#¡VALOR!,#¡VALOR!,#¡VALOR!,#¡VALOR!,,,,,,,,,,,,,,,,,,,,,,,,,,,,,,,
,861,,129279279,8,55,38,15,#¡VALOR!,#¡VALOR!,#¡VALOR!,#¡VALOR!,,,,,,,,,,,,,,,,,,,,,,,,,,,,,,,
,860,,129129129,8,55,38,15,#¡VALOR!,#¡VALOR!,#¡VALOR!,#¡VALOR!,,,,,,,,,,,,,,,,,,,,,,,,,,,,,,,
,859,,128978979,8,55,38,15,#¡VALOR!,#¡VALOR!,#¡VALOR!,#¡VALOR!,,,,,,,,,,,,,,,,,,,,,,,,,,,,,,,
,858,,128828829,8,55,38,15,#¡VALOR!,#¡VALOR!,#¡VALOR!,#¡VALOR!,,,,,,,,,,,,,,,,,,,,,,,,,,,,,,,
,857,,128678679,8,55,38,15,#¡VALOR!,#¡VALOR!,#¡VALOR!,#¡VALOR!,,,,,,,,,,,,,,,,,,,,,,,,,,,,,,,
,856,,128528529,8,55,38,15,#¡VALOR!,#¡VALOR!,#¡VALOR!,#¡VALOR!,,,,,,,,,,,,,,,,,,,,,,,,,,,,,,,
,855,,128378378,8,55,38,15,#¡VALOR!,#¡VALOR!,#¡VALOR!,#¡VALOR!,,,,,,,,,,,,,,,,,,,,,,,,,,,,,,,
,854,,128228228,8,55,38,15,#¡VALOR!,#¡VALOR!,#¡VALOR!,#¡VALOR!,,,,,,,,,,,,,,,,,,,,,,,,,,,,,,,
,853,,128078078,79,55,38,15,#¡VALOR!,#¡VALOR!,#¡VALOR!,#¡VALOR!,,,,,,,,,,,,,,,,,,,,,,,,,,,,,,,
,852,,127927928,79,55,38,15,#¡VALOR!,#¡VALOR!,#¡VALOR!,#¡VALOR!,,,,,,,,,,,,,,,,,,,,,,,,,,,,,,,
,851,,127777778,79,55,38,15,#¡VALOR!,#¡VALOR!,#¡VALOR!,#¡VALOR!,,,,,,,,,,,,,,,,,,,,,,,,,,,,,,,
,850,,127627628,79,55,38,15,#¡VALOR!,#¡VALOR!,#¡VALOR!,#¡VALOR!,,,,,,,,,,,,,,,,,,,,,,,,,,,,,,,
,849,,127477477,79,55,38,15,#¡VALOR!,#¡VALOR!,#¡VALOR!,#¡VALOR!,,,,,,,,,,,,,,,,,,,,,,,,,,,,,,,
,848,,127327327,79,55,38,15,#¡VALOR!,#¡VALOR!,#¡VALOR!,#¡VALOR!,,,,,,,,,,,,,,,,,,,,,,,,,,,,,,,
,847,,127177177,79,55,38,15,#¡VALOR!,#¡VALOR!,#¡VALOR!,#¡VALOR!,,,,,,,,,,,,,,,,,,,,,,,,,,,,,,,
,846,,127027027,79,55,38,15,#¡VALOR!,#¡VALOR!,#¡VALOR!,#¡VALOR!,,,,,,,,,,,,,,,,,,,,,,,,,,,,,,,
,845,,126876877,79,55,38,15,#¡VALOR!,#¡VALOR!,#¡VALOR!,#¡VALOR!,,,,,,,,,,,,,,,,,,,,,,,,,,,,,,,
,844,,126726727,79,55,38,15,#¡VALOR!,#¡VALOR!,#¡VALOR!,#¡VALOR!,,,,,,,,,,,,,,,,,,,,,,,,,,,,,,,
,843,,126576577,79,55,38,15,#¡VALOR!,#¡VALOR!,#¡VALOR!,#¡VALOR!,,,,,,,,,,,,,,,,,,,,,,,,,,,,,,,
,842,,126426426,79,55,38,15,#¡VALOR!,#¡VALOR!,#¡VALOR!,#¡VALOR!,,,,,,,,,,,,,,,,,,,,,,,,,,,,,,,
,841,,126276276,79,55,38,15,#¡VALOR!,#¡VALOR!,#¡VALOR!,#¡VALOR!,,,,,,,,,,,,,,,,,,,,,,,,,,,,,,,
,840,,126126126,79,55,38,15,#¡VALOR!,#¡VALOR!,#¡VALOR!,#¡VALOR!,,,,,,,,,,,,,,,,,,,,,,,,,,,,,,,
,839,,125975976,79,55,38,15,#¡VALOR!,#¡VALOR!,#¡VALOR!,#¡VALOR!,,,,,,,,,,,,,,,,,,,,,,,,,,,,,,,
,838,,125825826,79,55,38,15,#¡VALOR!,#¡VALOR!,#¡VALOR!,#¡VALOR!,,,,,,,,,,,,,,,,,,,,,,,,,,,,,,,
,837,,125675676,79,55,38,15,#¡VALOR!,#¡VALOR!,#¡VALOR!,#¡VALOR!,,,,,,,,,,,,,,,,,,,,,,,,,,,,,,,
,836,,125525526,79,55,38,15,#¡VALOR!,#¡VALOR!,#¡VALOR!,#¡VALOR!,,,,,,,,,,,,,,,,,,,,,,,,,,,,,,,
,835,,125375375,79,55,38,15,#¡VALOR!,#¡VALOR!,#¡VALOR!,#¡VALOR!,,,,,,,,,,,,,,,,,,,,,,,,,,,,,,,
,834,,125225225,79,55,38,15,#¡VALOR!,#¡VALOR!,#¡VALOR!,#¡VALOR!,,,,,,,,,,,,,,,,,,,,,,,,,,,,,,,
,833,,125075075,79,55,38,15,#¡VALOR!,#¡VALOR!,#¡VALOR!,#¡VALOR!,,,,,,,,,,,,,,,,,,,,,,,,,,,,,,,
,832,,124924925,79,55,38,15,#¡VALOR!,#¡VALOR!,#¡VALOR!,#¡VALOR!,,,,,,,,,,,,,,,,,,,,,,,,,,,,,,,
,831,,124774775,79,55,38,15,#¡VALOR!,#¡VALOR!,#¡VALOR!,#¡VALOR!,,,,,,,,,,,,,,,,,,,,,,,,,,,,,,,
,830,,124624625,79,55,38,15,#¡VALOR!,#¡VALOR!,#¡VALOR!,#¡VALOR!,,,,,,,,,,,,,,,,,,,,,,,,,,,,,,,
,829,,124474474,79,55,38,15,#¡VALOR!,#¡VALOR!,#¡VALOR!,#¡VALOR!,,,,,,,,,,,,,,,,,,,,,,,,,,,,,,,
,828,,124324324,79,55,38,15,#¡VALOR!,#¡VALOR!,#¡VALOR!,#¡VALOR!,,,,,,,,,,,,,,,,,,,,,,,,,,,,,,,
,827,,124174174,79,55,38,15,#¡VALOR!,#¡VALOR!,#¡VALOR!,#¡VALOR!,,,,,,,,,,,,,,,,,,,,,,,,,,,,,,,
,826,,124024024,79,55,38,15,#¡VALOR!,#¡VALOR!,#¡VALOR!,#¡VALOR!,,,,,,,,,,,,,,,,,,,,,,,,,,,,,,,
,825,,123873874,79,55,38,15,#¡VALOR!,#¡VALOR!,#¡VALOR!,#¡VALOR!,,,,,,,,,,,,,,,,,,,,,,,,,,,,,,,
,824,,123723724,79,55,38,15,#¡VALOR!,#¡VALOR!,#¡VALOR!,#¡VALOR!,,,,,,,,,,,,,,,,,,,,,,,,,,,,,,,
,823,,123573574,79,55,38,15,#¡VALOR!,#¡VALOR!,#¡VALOR!,#¡VALOR!,,,,,,,,,,,,,,,,,,,,,,,,,,,,,,,
,822,,123423423,79,55,38,15,#¡VALOR!,#¡VALOR!,#¡VALOR!,#¡VALOR!,,,,,,,,,,,,,,,,,,,,,,,,,,,,,,,
,821,,123273273,79,55,38,15,#¡VALOR!,#¡VALOR!,#¡VALOR!,#¡VALOR!,,,,,,,,,,,,,,,,,,,,,,,,,,,,,,,
,820,,123123123,79,55,38,15,#¡VALOR!,#¡VALOR!,#¡VALOR!,#¡VALOR!,,,,,,,,,,,,,,,,,,,,,,,,,,,,,,,
,819,,122972973,79,55,38,15,#¡VALOR!,#¡VALOR!,#¡VALOR!,#¡VALOR!,,,,,,,,,,,,,,,,,,,,,,,,,,,,,,,
,818,,122822823,79,55,38,15,#¡VALOR!,#¡VALOR!,#¡VALOR!,#¡VALOR!,,,,,,,,,,,,,,,,,,,,,,,,,,,,,,,
,817,,122672673,79,55,38,15,#¡VALOR!,#¡VALOR!,#¡VALOR!,#¡VALOR!,,,,,,,,,,,,,,,,,,,,,,,,,,,,,,,
,816,,122522523,79,55,38,15,#¡VALOR!,#¡VALOR!,#¡VALOR!,#¡VALOR!,,,,,,,,,,,,,,,,,,,,,,,,,,,,,,,
,815,,122372372,79,55,38,15,#¡VALOR!,#¡VALOR!,#¡VALOR!,#¡VALOR!,,,,,,,,,,,,,,,,,,,,,,,,,,,,,,,
,814,,122222222,79,55,38,15,#¡VALOR!,#¡VALOR!,#¡VALOR!,#¡VALOR!,,,,,,,,,,,,,,,,,,,,,,,,,,,,,,,
,813,,122072072,79,55,38,15,#¡VALOR!,#¡VALOR!,#¡VALOR!,#¡VALOR!,,,,,,,,,,,,,,,,,,,,,,,,,,,,,,,
,812,,121921922,79,55,38,15,#¡VALOR!,#¡VALOR!,#¡VALOR!,#¡VALOR!,,,,,,,,,,,,,,,,,,,,,,,,,,,,,,,
,811,,121771772,79,54,37,15,#¡VALOR!,#¡VALOR!,#¡VALOR!,#¡VALOR!,,,,,,,,,,,,,,,,,,,,,,,,,,,,,,,
,810,,121621622,79,54,37,15,#¡VALOR!,#¡VALOR!,#¡VALOR!,#¡VALOR!,,,,,,,,,,,,,,,,,,,,,,,,,,,,,,,
,809,,121471471,79,54,37,15,#¡VALOR!,#¡VALOR!,#¡VALOR!,#¡VALOR!,,,,,,,,,,,,,,,,,,,,,,,,,,,,,,,
,808,,121321321,79,54,37,15,#¡VALOR!,#¡VALOR!,#¡VALOR!,#¡VALOR!,,,,,,,,,,,,,,,,,,,,,,,,,,,,,,,
,807,,121171171,79,54,37,15,#¡VALOR!,#¡VALOR!,#¡VALOR!,#¡VALOR!,,,,,,,,,,,,,,,,,,,,,,,,,,,,,,,
,806,,121021021,79,54,37,15,#¡VALOR!,#¡VALOR!,#¡VALOR!,#¡VALOR!,,,,,,,,,,,,,,,,,,,,,,,,,,,,,,,
,805,,120870871,79,54,37,15,#¡VALOR!,#¡VALOR!,#¡VALOR!,#¡VALOR!,,,,,,,,,,,,,,,,,,,,,,,,,,,,,,,
,804,,120720721,79,54,37,15,#¡VALOR!,#¡VALOR!,#¡VALOR!,#¡VALOR!,,,,,,,,,,,,,,,,,,,,,,,,,,,,,,,
,803,,120570571,79,54,37,15,#¡VALOR!,#¡VALOR!,#¡VALOR!,#¡VALOR!,,,,,,,,,,,,,,,,,,,,,,,,,,,,,,,
,802,,12042042,79,54,37,15,#¡VALOR!,#¡VALOR!,#¡VALOR!,#¡VALOR!,,,,,,,,,,,,,,,,,,,,,,,,,,,,,,,
,801,,12027027,79,54,37,15,#¡VALOR!,#¡VALOR!,#¡VALOR!,#¡VALOR!,,,,,,,,,,,,,,,,,,,,,,,,,,,,,,,
,800,,12012012,79,54,37,15,#¡VALOR!,#¡VALOR!,#¡VALOR!,#¡VALOR!,,,,,,,,,,,,,,,,,,,,,,,,,,,,,,,
,799,,11996997,79,54,37,15,#¡VALOR!,#¡VALOR!,#¡VALOR!,#¡VALOR!,,,,,,,,,,,,,,,,,,,,,,,,,,,,,,,
,798,,11981982,79,54,37,15,#¡VALOR!,#¡VALOR!,#¡VALOR!,#¡VALOR!,,,,,,,,,,,,,,,,,,,,,,,,,,,,,,,
,797,,11966967,79,54,37,15,#¡VALOR!,#¡VALOR!,#¡VALOR!,#¡VALOR!,,,,,,,,,,,,,,,,,,,,,,,,,,,,,,,
,796,,11951952,79,54,37,15,#¡VALOR!,#¡VALOR!,#¡VALOR!,#¡VALOR!,,,,,,,,,,,,,,,,,,,,,,,,,,,,,,,
,795,,119369369,79,54,37,15,#¡VALOR!,#¡VALOR!,#¡VALOR!,#¡VALOR!,,,,,,,,,,,,,,,,,,,,,,,,,,,,,,,
,794,,119219219,79,54,37,15,#¡VALOR!,#¡VALOR!,#¡VALOR!,#¡VALOR!,,,,,,,,,,,,,,,,,,,,,,,,,,,,,,,
,793,,119069069,79,54,37,15,#¡VALOR!,#¡VALOR!,#¡VALOR!,#¡VALOR!,,,,,,,,,,,,,,,,,,,,,,,,,,,,,,,
,792,,118918919,79,54,37,15,#¡VALOR!,#¡VALOR!,#¡VALOR!,#¡VALOR!,,,,,,,,,,,,,,,,,,,,,,,,,,,,,,,
,791,,118768769,79,54,37,15,#¡VALOR!,#¡VALOR!,#¡VALOR!,#¡VALOR!,,,,,,,,,,,,,,,,,,,,,,,,,,,,,,,
,790,,118618619,79,54,37,15,#¡VALOR!,#¡VALOR!,#¡VALOR!,#¡VALOR!,,,,,,,,,,,,,,,,,,,,,,,,,,,,,,,
,789,,118468468,79,54,37,15,#¡VALOR!,#¡VALOR!,#¡VALOR!,#¡VALOR!,,,,,,,,,,,,,,,,,,,,,,,,,,,,,,,
,788,,118318318,79,54,37,15,#¡VALOR!,#¡VALOR!,#¡VALOR!,#¡VALOR!,,,,,,,,,,,,,,,,,,,,,,,,,,,,,,,
,787,,118168168,79,54,37,15,#¡VALOR!,#¡VALOR!,#¡VALOR!,#¡VALOR!,,,,,,,,,,,,,,,,,,,,,,,,,,,,,,,
,786,,118018018,79,54,37,15,#¡VALOR!,#¡VALOR!,#¡VALOR!,#¡VALOR!,,,,,,,,,,,,,,,,,,,,,,,,,,,,,,,
,785,,117867868,79,54,37,15,#¡VALOR!,#¡VALOR!,#¡VALOR!,#¡VALOR!,,,,,,,,,,,,,,,,,,,,,,,,,,,,,,,
,784,,117717718,79,54,37,15,#¡VALOR!,#¡VALOR!,#¡VALOR!,#¡VALOR!,,,,,,,,,,,,,,,,,,,,,,,,,,,,,,,
,783,,117567568,79,54,37,15,#¡VALOR!,#¡VALOR!,#¡VALOR!,#¡VALOR!,,,,,,,,,,,,,,,,,,,,,,,,,,,,,,,
,782,,117417417,79,54,37,15,#¡VALOR!,#¡VALOR!,#¡VALOR!,#¡VALOR!,,,,,,,,,,,,,,,,,,,,,,,,,,,,,,,
,781,,117267267,79,54,37,15,#¡VALOR!,#¡VALOR!,#¡VALOR!,#¡VALOR!,,,,,,,,,,,,,,,,,,,,,,,,,,,,,,,
,780,,117117117,79,54,37,15,#¡VALOR!,#¡VALOR!,#¡VALOR!,#¡VALOR!,,,,,,,,,,,,,,,,,,,,,,,,,,,,,,,
,779,,116966967,79,54,37,15,#¡VALOR!,#¡VALOR!,#¡VALOR!,#¡VALOR!,,,,,,,,,,,,,,,,,,,,,,,,,,,,,,,
,778,,116816817,79,54,37,15,#¡VALOR!,#¡VALOR!,#¡VALOR!,#¡VALOR!,,,,,,,,,,,,,,,,,,,,,,,,,,,,,,,
,777,,116666667,79,54,37,15,#¡VALOR!,#¡VALOR!,#¡VALOR!,#¡VALOR!,,,,,,,,,,,,,,,,,,,,,,,,,,,,,,,
,776,,116516517,79,54,37,15,#¡VALOR!,#¡VALOR!,#¡VALOR!,#¡VALOR!,,,,,,,,,,,,,,,,,,,,,,,,,,,,,,,
,775,,116366366,79,54,37,15,#¡VALOR!,#¡VALOR!,#¡VALOR!,#¡VALOR!,,,,,,,,,,,,,,,,,,,,,,,,,,,,,,,
,774,,116216216,79,54,37,15,#¡VALOR!,#¡VALOR!,#¡VALOR!,#¡VALOR!,,,,,,,,,,,,,,,,,,,,,,,,,,,,,,,
,773,,116066066,79,54,37,15,#¡VALOR!,#¡VALOR!,#¡VALOR!,#¡VALOR!,,,,,,,,,,,,,,,,,,,,,,,,,,,,,,,
,772,,115915916,79,54,37,15,#¡VALOR!,#¡VALOR!,#¡VALOR!,#¡VALOR!,,,,,,,,,,,,,,,,,,,,,,,,,,,,,,,
,771,,115765766,79,54,37,15,#¡VALOR!,#¡VALOR!,#¡VALOR!,#¡VALOR!,,,,,,,,,,,,,,,,,,,,,,,,,,,,,,,
,770,,115615616,79,54,37,15,#¡VALOR!,#¡VALOR!,#¡VALOR!,#¡VALOR!,,,,,,,,,,,,,,,,,,,,,,,,,,,,,,,
,769,,115465465,79,54,37,15,#¡VALOR!,#¡VALOR!,#¡VALOR!,#¡VALOR!,,,,,,,,,,,,,,,,,,,,,,,,,,,,,,,
,768,,115315315,79,54,37,15,#¡VALOR!,#¡VALOR!,#¡VALOR!,#¡VALOR!,,,,,,,,,,,,,,,,,,,,,,,,,,,,,,,
,767,,115165165,79,54,37,15,#¡VALOR!,#¡VALOR!,#¡VALOR!,#¡VALOR!,,,,,,,,,,,,,,,,,,,,,,,,,,,,,,,
,766,,115015015,79,54,37,15,#¡VALOR!,#¡VALOR!,#¡VALOR!,#¡VALOR!,,,,,,,,,,,,,,,,,,,,,,,,,,,,,,,
,765,,114864865,79,54,37,15,#¡VALOR!,#¡VALOR!,#¡VALOR!,#¡VALOR!,,,,,,,,,,,,,,,,,,,,,,,,,,,,,,,
,764,,114714715,79,54,37,15,#¡VALOR!,#¡VALOR!,#¡VALOR!,#¡VALOR!,,,,,,,,,,,,,,,,,,,,,,,,,,,,,,,
,763,,114564565,79,54,37,15,#¡VALOR!,#¡VALOR!,#¡VALOR!,#¡VALOR!,,,,,,,,,,,,,,,,,,,,,,,,,,,,,,,
,762,,114414414,79,54,37,15,#¡VALOR!,#¡VALOR!,#¡VALOR!,#¡VALOR!,,,,,,,,,,,,,,,,,,,,,,,,,,,,,,,
,761,,114264264,79,54,37,15,#¡VALOR!,#¡VALOR!,#¡VALOR!,#¡VALOR!,,,,,,,,,,,,,,,,,,,,,,,,,,,,,,,
,760,,114114114,79,54,37,15,#¡VALOR!,#¡VALOR!,#¡VALOR!,#¡VALOR!,,,,,,,,,,,,,,,,,,,,,,,,,,,,,,,
,759,,113963964,79,54,37,15,#¡VALOR!,#¡VALOR!,#¡VALOR!,#¡VALOR!,,,,,,,,,,,,,,,,,,,,,,,,,,,,,,,
,758,,113813814,79,54,37,15,#¡VALOR!,#¡VALOR!,#¡VALOR!,#¡VALOR!,,,,,,,,,,,,,,,,,,,,,,,,,,,,,,,
,757,,113663664,79,54,37,15,#¡VALOR!,#¡VALOR!,#¡VALOR!,#¡VALOR!,,,,,,,,,,,,,,,,,,,,,,,,,,,,,,,
,756,,113513514,79,54,37,15,#¡VALOR!,#¡VALOR!,#¡VALOR!,#¡VALOR!,,,,,,,,,,,,,,,,,,,,,,,,,,,,,,,
,755,,113363363,79,54,37,15,#¡VALOR!,#¡VALOR!,#¡VALOR!,#¡VALOR!,,,,,,,,,,,,,,,,,,,,,,,,,,,,,,,
,754,,113213213,79,54,37,15,#¡VALOR!,#¡VALOR!,#¡VALOR!,#¡VALOR!,,,,,,,,,,,,,,,,,,,,,,,,,,,,,,,
,753,,113063063,79,53,37,15,#¡VALOR!,#¡VALOR!,#¡VALOR!,#¡VALOR!,,,,,,,,,,,,,,,,,,,,,,,,,,,,,,,
,752,,112912913,79,53,37,15,#¡VALOR!,#¡VALOR!,#¡VALOR!,#¡VALOR!,,,,,,,,,,,,,,,,,,,,,,,,,,,,,,,
,751,,112762763,79,53,37,15,#¡VALOR!,#¡VALOR!,#¡VALOR!,#¡VALOR!,,,,,,,,,,,,,,,,,,,,,,,,,,,,,,,
,750,,112612613,79,53,37,15,#¡VALOR!,#¡VALOR!,#¡VALOR!,#¡VALOR!,,,,,,,,,,,,,,,,,,,,,,,,,,,,,,,
,749,,112462462,79,53,37,15,#¡VALOR!,#¡VALOR!,#¡VALOR!,#¡VALOR!,,,,,,,,,,,,,,,,,,,,,,,,,,,,,,,
,748,,112312312,79,53,37,15,#¡VALOR!,#¡VALOR!,#¡VALOR!,#¡VALOR!,,,,,,,,,,,,,,,,,,,,,,,,,,,,,,,
,747,,112162162,79,53,37,15,#¡VALOR!,#¡VALOR!,#¡VALOR!,#¡VALOR!,,,,,,,,,,,,,,,,,,,,,,,,,,,,,,,
,746,,112012012,79,53,37,15,#¡VALOR!,#¡VALOR!,#¡VALOR!,#¡VALOR!,,,,,,,,,,,,,,,,,,,,,,,,,,,,,,,
,745,,111861862,79,53,37,15,#¡VALOR!,#¡VALOR!,#¡VALOR!,#¡VALOR!,,,,,,,,,,,,,,,,,,,,,,,,,,,,,,,
,744,,111711712,79,53,37,15,#¡VALOR!,#¡VALOR!,#¡VALOR!,#¡VALOR!,,,,,,,,,,,,,,,,,,,,,,,,,,,,,,,
,743,,111561562,79,53,37,15,#¡VALOR!,#¡VALOR!,#¡VALOR!,#¡VALOR!,,,,,,,,,,,,,,,,,,,,,,,,,,,,,,,
,742,,111411411,79,53,37,15,#¡VALOR!,#¡VALOR!,#¡VALOR!,#¡VALOR!,,,,,,,,,,,,,,,,,,,,,,,,,,,,,,,
,741,,111261261,79,53,37,15,#¡VALOR!,#¡VALOR!,#¡VALOR!,#¡VALOR!,,,,,,,,,,,,,,,,,,,,,,,,,,,,,,,
,740,,111111111,79,53,37,15,#¡VALOR!,#¡VALOR!,#¡VALOR!,#¡VALOR!,,,,,,,,,,,,,,,,,,,,,,,,,,,,,,,
,739,,110960961,79,53,37,15,#¡VALOR!,#¡VALOR!,#¡VALOR!,#¡VALOR!,,,,,,,,,,,,,,,,,,,,,,,,,,,,,,,
,738,,110810811,79,53,37,15,#¡VALOR!,#¡VALOR!,#¡VALOR!,#¡VALOR!,,,,,,,,,,,,,,,,,,,,,,,,,,,,,,,
,737,,110660661,79,53,37,15,#¡VALOR!,#¡VALOR!,#¡VALOR!,#¡VALOR!,,,,,,,,,,,,,,,,,,,,,,,,,,,,,,,
,736,,110510511,79,53,37,15,#¡VALOR!,#¡VALOR!,#¡VALOR!,#¡VALOR!,,,,,,,,,,,,,,,,,,,,,,,,,,,,,,,
,735,,11036036,79,53,37,15,#¡VALOR!,#¡VALOR!,#¡VALOR!,#¡VALOR!,,,,,,,,,,,,,,,,,,,,,,,,,,,,,,,
,734,,11021021,79,53,37,15,#¡VALOR!,#¡VALOR!,#¡VALOR!,#¡VALOR!,,,,,,,,,,,,,,,,,,,,,,,,,,,,,,,
,733,,11006006,79,53,37,15,#¡VALOR!,#¡VALOR!,#¡VALOR!,#¡VALOR!,,,,,,,,,,,,,,,,,,,,,,,,,,,,,,,
,732,,10990991,79,53,37,15,#¡VALOR!,#¡VALOR!,#¡VALOR!,#¡VALOR!,,,,,,,,,,,,,,,,,,,,,,,,,,,,,,,
,731,,10975976,79,53,37,15,#¡VALOR!,#¡VALOR!,#¡VALOR!,#¡VALOR!,,,,,,,,,,,,,,,,,,,,,,,,,,,,,,,
,730,,10960961,79,53,37,15,#¡VALOR!,#¡VALOR!,#¡VALOR!,#¡VALOR!,,,,,,,,,,,,,,,,,,,,,,,,,,,,,,,
,729,,109459459,79,53,37,15,#¡VALOR!,#¡VALOR!,#¡VALOR!,#¡VALOR!,,,,,,,,,,,,,,,,,,,,,,,,,,,,,,,
,728,,109309309,79,53,37,15,#¡VALOR!,#¡VALOR!,#¡VALOR!,#¡VALOR!,,,,,,,,,,,,,,,,,,,,,,,,,,,,,,,
,727,,109159159,79,53,36,15,#¡VALOR!,#¡VALOR!,#¡VALOR!,#¡VALOR!,,,,,,,,,,,,,,,,,,,,,,,,,,,,,,,
,726,,109009009,79,53,36,15,#¡VALOR!,#¡VALOR!,#¡VALOR!,#¡VALOR!,,,,,,,,,,,,,,,,,,,,,,,,,,,,,,,
,725,,108858859,79,53,36,15,#¡VALOR!,#¡VALOR!,#¡VALOR!,#¡VALOR!,,,,,,,,,,,,,,,,,,,,,,,,,,,,,,,
,724,,108708709,79,53,36,15,#¡VALOR!,#¡VALOR!,#¡VALOR!,#¡VALOR!,,,,,,,,,,,,,,,,,,,,,,,,,,,,,,,
,723,,108558559,79,53,36,15,#¡VALOR!,#¡VALOR!,#¡VALOR!,#¡VALOR!,,,,,,,,,,,,,,,,,,,,,,,,,,,,,,,
,722,,108408408,79,53,36,15,#¡VALOR!,#¡VALOR!,#¡VALOR!,#¡VALOR!,,,,,,,,,,,,,,,,,,,,,,,,,,,,,,,
,721,,108258258,79,53,36,15,#¡VALOR!,#¡VALOR!,#¡VALOR!,#¡VALOR!,,,,,,,,,,,,,,,,,,,,,,,,,,,,,,,
,720,,108108108,79,53,36,15,#¡VALOR!,#¡VALOR!,#¡VALOR!,#¡VALOR!,,,,,,,,,,,,,,,,,,,,,,,,,,,,,,,
,719,,107957958,79,53,36,15,#¡VALOR!,#¡VALOR!,#¡VALOR!,#¡VALOR!,,,,,,,,,,,,,,,,,,,,,,,,,,,,,,,
,718,,107807808,79,53,36,15,#¡VALOR!,#¡VALOR!,#¡VALOR!,#¡VALOR!,,,,,,,,,,,,,,,,,,,,,,,,,,,,,,,
,717,,107657658,79,53,36,15,#¡VALOR!,#¡VALOR!,#¡VALOR!,#¡VALOR!,,,,,,,,,,,,,,,,,,,,,,,,,,,,,,,
,716,,107507508,79,53,36,15,#¡VALOR!,#¡VALOR!,#¡VALOR!,#¡VALOR!,,,,,,,,,,,,,,,,,,,,,,,,,,,,,,,
,715,,107357357,78,53,36,15,#¡VALOR!,#¡VALOR!,#¡VALOR!,#¡VALOR!,,,,,,,,,,,,,,,,,,,,,,,,,,,,,,,
,714,,107207207,78,53,36,15,#¡VALOR!,#¡VALOR!,#¡VALOR!,#¡VALOR!,,,,,,,,,,,,,,,,,,,,,,,,,,,,,,,
,713,,107057057,78,53,36,14,#¡VALOR!,#¡VALOR!,#¡VALOR!,#¡VALOR!,,,,,,,,,,,,,,,,,,,,,,,,,,,,,,,
,712,,106906907,78,53,36,14,#¡VALOR!,#¡VALOR!,#¡VALOR!,#¡VALOR!,,,,,,,,,,,,,,,,,,,,,,,,,,,,,,,
,711,,106756757,78,53,36,14,#¡VALOR!,#¡VALOR!,#¡VALOR!,#¡VALOR!,,,,,,,,,,,,,,,,,,,,,,,,,,,,,,,
,710,,106606607,78,53,36,14,#¡VALOR!,#¡VALOR!,#¡VALOR!,#¡VALOR!,,,,,,,,,,,,,,,,,,,,,,,,,,,,,,,
,709,,106456456,78,53,36,14,#¡VALOR!,#¡VALOR!,#¡VALOR!,#¡VALOR!,,,,,,,,,,,,,,,,,,,,,,,,,,,,,,,
,708,,106306306,78,53,36,14,#¡VALOR!,#¡VALOR!,#¡VALOR!,#¡VALOR!,,,,,,,,,,,,,,,,,,,,,,,,,,,,,,,
,707,,106156156,78,53,36,14,#¡VALOR!,#¡VALOR!,#¡VALOR!,#¡VALOR!,,,,,,,,,,,,,,,,,,,,,,,,,,,,,,,
,706,,106006006,78,53,36,14,#¡VALOR!,#¡VALOR!,#¡VALOR!,#¡VALOR!,,,,,,,,,,,,,,,,,,,,,,,,,,,,,,,
,705,,105855856,78,53,36,14,#¡VALOR!,#¡VALOR!,#¡VALOR!,#¡VALOR!,,,,,,,,,,,,,,,,,,,,,,,,,,,,,,,
,704,,105705706,78,53,36,14,#¡VALOR!,#¡VALOR!,#¡VALOR!,#¡VALOR!,,,,,,,,,,,,,,,,,,,,,,,,,,,,,,,
,703,,105555556,78,53,36,14,#¡VALOR!,#¡VALOR!,#¡VALOR!,#¡VALOR!,,,,,,,,,,,,,,,,,,,,,,,,,,,,,,,
,702,,105405405,78,53,36,14,#¡VALOR!,#¡VALOR!,#¡VALOR!,#¡VALOR!,,,,,,,,,,,,,,,,,,,,,,,,,,,,,,,
,701,,105255255,78,52,36,14,#¡VALOR!,#¡VALOR!,#¡VALOR!,#¡VALOR!,,,,,,,,,,,,,,,,,,,,,,,,,,,,,,,
,700,,105105105,78,52,36,14,#¡VALOR!,#¡VALOR!,#¡VALOR!,#¡VALOR!,,,,,,,,,,,,,,,,,,,,,,,,,,,,,,,
,699,,104954955,78,52,36,14,#¡VALOR!,#¡VALOR!,#¡VALOR!,#¡VALOR!,,,,,,,,,,,,,,,,,,,,,,,,,,,,,,,
,698,,104804805,78,52,36,14,#¡VALOR!,#¡VALOR!,#¡VALOR!,#¡VALOR!,,,,,,,,,,,,,,,,,,,,,,,,,,,,,,,
,697,,104654655,78,52,36,14,#¡VALOR!,#¡VALOR!,#¡VALOR!,#¡VALOR!,,,,,,,,,,,,,,,,,,,,,,,,,,,,,,,
,696,,104504505,78,52,36,14,#¡VALOR!,#¡VALOR!,#¡VALOR!,#¡VALOR!,,,,,,,,,,,,,,,,,,,,,,,,,,,,,,,
,695,,104354354,78,52,36,14,#¡VALOR!,#¡VALOR!,#¡VALOR!,#¡VALOR!,,,,,,,,,,,,,,,,,,,,,,,,,,,,,,,
,694,,104204204,78,52,36,14,#¡VALOR!,#¡VALOR!,#¡VALOR!,#¡VALOR!,,,,,,,,,,,,,,,,,,,,,,,,,,,,,,,
,693,,104054054,78,52,36,14,#¡VALOR!,#¡VALOR!,#¡VALOR!,#¡VALOR!,,,,,,,,,,,,,,,,,,,,,,,,,,,,,,,
,692,,103903904,78,52,36,14,#¡VALOR!,#¡VALOR!,#¡VALOR!,#¡VALOR!,,,,,,,,,,,,,,,,,,,,,,,,,,,,,,,
,691,,103753754,78,52,36,14,#¡VALOR!,#¡VALOR!,#¡VALOR!,#¡VALOR!,,,,,,,,,,,,,,,,,,,,,,,,,,,,,,,
,690,,103603604,78,52,36,14,#¡VALOR!,#¡VALOR!,#¡VALOR!,#¡VALOR!,,,,,,,,,,,,,,,,,,,,,,,,,,,,,,,
,689,,103453453,78,52,36,14,#¡VALOR!,#¡VALOR!,#¡VALOR!,#¡VALOR!,,,,,,,,,,,,,,,,,,,,,,,,,,,,,,,
,688,,103303303,78,52,36,14,#¡VALOR!,#¡VALOR!,#¡VALOR!,#¡VALOR!,,,,,,,,,,,,,,,,,,,,,,,,,,,,,,,
,687,,103153153,78,52,36,14,#¡VALOR!,#¡VALOR!,#¡VALOR!,#¡VALOR!,,,,,,,,,,,,,,,,,,,,,,,,,,,,,,,
,686,,103003003,78,52,36,14,#¡VALOR!,#¡VALOR!,#¡VALOR!,#¡VALOR!,,,,,,,,,,,,,,,,,,,,,,,,,,,,,,,
,685,,102852853,78,52,36,14,#¡VALOR!,#¡VALOR!,#¡VALOR!,#¡VALOR!,,,,,,,,,,,,,,,,,,,,,,,,,,,,,,,
,684,,102702703,78,52,36,14,#¡VALOR!,#¡VALOR!,#¡VALOR!,#¡VALOR!,,,,,,,,,,,,,,,,,,,,,,,,,,,,,,,
,683,,102552553,78,52,36,14,#¡VALOR!,#¡VALOR!,#¡VALOR!,#¡VALOR!,,,,,,,,,,,,,,,,,,,,,,,,,,,,,,,
,682,,102402402,78,52,36,14,#¡VALOR!,#¡VALOR!,#¡VALOR!,#¡VALOR!,,,,,,,,,,,,,,,,,,,,,,,,,,,,,,,
,681,,102252252,78,52,36,14,#¡VALOR!,#¡VALOR!,#¡VALOR!,#¡VALOR!,,,,,,,,,,,,,,,,,,,,,,,,,,,,,,,
,680,,102102102,78,52,36,14,#¡VALOR!,#¡VALOR!,#¡VALOR!,#¡VALOR!,,,,,,,,,,,,,,,,,,,,,,,,,,,,,,,
,679,,101951952,78,52,36,14,#¡VALOR!,#¡VALOR!,#¡VALOR!,#¡VALOR!,,,,,,,,,,,,,,,,,,,,,,,,,,,,,,,
,678,,101801802,78,52,36,14,#¡VALOR!,#¡VALOR!,#¡VALOR!,#¡VALOR!,,,,,,,,,,,,,,,,,,,,,,,,,,,,,,,
,677,,101651652,78,52,36,14,#¡VALOR!,#¡VALOR!,#¡VALOR!,#¡VALOR!,,,,,,,,,,,,,,,,,,,,,,,,,,,,,,,
,676,,101501502,78,52,36,14,#¡VALOR!,#¡VALOR!,#¡VALOR!,#¡VALOR!,,,,,,,,,,,,,,,,,,,,,,,,,,,,,,,
,675,,101351351,78,52,36,14,#¡VALOR!,#¡VALOR!,#¡VALOR!,#¡VALOR!,,,,,,,,,,,,,,,,,,,,,,,,,,,,,,,
,674,,101201201,78,52,36,14,#¡VALOR!,#¡VALOR!,#¡VALOR!,#¡VALOR!,,,,,,,,,,,,,,,,,,,,,,,,,,,,,,,
,673,,101051051,78,52,36,14,#¡VALOR!,#¡VALOR!,#¡VALOR!,#¡VALOR!,,,,,,,,,,,,,,,,,,,,,,,,,,,,,,,
,672,,100900901,78,52,36,14,#¡VALOR!,#¡VALOR!,#¡VALOR!,#¡VALOR!,,,,,,,,,,,,,,,,,,,,,,,,,,,,,,,
,671,,100750751,78,52,36,14,#¡VALOR!,#¡VALOR!,#¡VALOR!,#¡VALOR!,,,,,,,,,,,,,,,,,,,,,,,,,,,,,,,
,670,,100600601,78,52,36,14,#¡VALOR!,#¡VALOR!,#¡VALOR!,#¡VALOR!,,,,,,,,,,,,,,,,,,,,,,,,,,,,,,,
,669,,10045045,78,52,36,14,#¡VALOR!,#¡VALOR!,#¡VALOR!,#¡VALOR!,,,,,,,,,,,,,,,,,,,,,,,,,,,,,,,
,668,,1003003,78,52,36,14,#¡VALOR!,#¡VALOR!,#¡VALOR!,#¡VALOR!,,,,,,,,,,,,,,,,,,,,,,,,,,,,,,,
,667,,10015015,78,52,36,14,#¡VALOR!,#¡VALOR!,#¡VALOR!,#¡VALOR!,,,,,,,,,,,,,,,,,,,,,,,,,,,,,,,
,666,,1000000,78,52,36,14,#¡VALOR!,#¡VALOR!,#¡VALOR!,#¡VALOR!,,,,,,,,,,,,,,,,,,,,,,,,,,,,,,,
,665,,9984985,78,52,36,14,#¡VALOR!,#¡VALOR!,#¡VALOR!,#¡VALOR!,,,,,,,,,,,,,,,,,,,,,,,,,,,,,,,
,664,,996997,78,52,36,14,#¡VALOR!,#¡VALOR!,#¡VALOR!,#¡VALOR!,,,,,,,,,,,,,,,,,,,,,,,,,,,,,,,
,663,,9954955,78,52,36,14,#¡VALOR!,#¡VALOR!,#¡VALOR!,#¡VALOR!,,,,,,,,,,,,,,,,,,,,,,,,,,,,,,,
,662,,99399399,78,52,36,14,#¡VALOR!,#¡VALOR!,#¡VALOR!,#¡VALOR!,,,,,,,,,,,,,,,,,,,,,,,,,,,,,,,
,661,,99249249,78,52,36,14,#¡VALOR!,#¡VALOR!,#¡VALOR!,#¡VALOR!,,,,,,,,,,,,,,,,,,,,,,,,,,,,,,,
,660,,99099099,78,52,36,14,#¡VALOR!,#¡VALOR!,#¡VALOR!,#¡VALOR!,,,,,,,,,,,,,,,,,,,,,,,,,,,,,,,
,659,,98948949,78,52,36,14,#¡VALOR!,#¡VALOR!,#¡VALOR!,#¡VALOR!,,,,,,,,,,,,,,,,,,,,,,,,,,,,,,,
,658,,98798799,78,52,36,14,#¡VALOR!,#¡VALOR!,#¡VALOR!,#¡VALOR!,,,,,,,,,,,,,,,,,,,,,,,,,,,,,,,
,657,,98648649,78,52,35,14,#¡VALOR!,#¡VALOR!,#¡VALOR!,#¡VALOR!,,,,,,,,,,,,,,,,,,,,,,,,,,,,,,,
,656,,98498498,78,52,35,14,#¡VALOR!,#¡VALOR!,#¡VALOR!,#¡VALOR!,,,,,,,,,,,,,,,,,,,,,,,,,,,,,,,
,655,,98348348,78,52,35,14,#¡VALOR!,#¡VALOR!,#¡VALOR!,#¡VALOR!,,,,,,,,,,,,,,,,,,,,,,,,,,,,,,,
,654,,98198198,78,51,35,14,#¡VALOR!,#¡VALOR!,#¡VALOR!,#¡VALOR!,,,,,,,,,,,,,,,,,,,,,,,,,,,,,,,
,653,,98048048,78,51,35,14,#¡VALOR!,#¡VALOR!,#¡VALOR!,#¡VALOR!,,,,,,,,,,,,,,,,,,,,,,,,,,,,,,,
,652,,97897898,78,51,35,14,#¡VALOR!,#¡VALOR!,#¡VALOR!,#¡VALOR!,,,,,,,,,,,,,,,,,,,,,,,,,,,,,,,
,651,,97747748,78,51,35,14,#¡VALOR!,#¡VALOR!,#¡VALOR!,#¡VALOR!,,,,,,,,,,,,,,,,,,,,,,,,,,,,,,,
,650,,97597598,78,51,35,14,#¡VALOR!,#¡VALOR!,#¡VALOR!,#¡VALOR!,,,,,,,,,,,,,,,,,,,,,,,,,,,,,,,
,649,,97447447,78,51,35,14,#¡VALOR!,#¡VALOR!,#¡VALOR!,#¡VALOR!,,,,,,,,,,,,,,,,,,,,,,,,,,,,,,,
,648,,97297297,78,51,35,14,#¡VALOR!,#¡VALOR!,#¡VALOR!,#¡VALOR!,,,,,,,,,,,,,,,,,,,,,,,,,,,,,,,
,647,,97147147,78,51,35,14,#¡VALOR!,#¡VALOR!,#¡VALOR!,#¡VALOR!,,,,,,,,,,,,,,,,,,,,,,,,,,,,,,,
,646,,96996997,78,51,35,14,#¡VALOR!,#¡VALOR!,#¡VALOR!,#¡VALOR!,,,,,,,,,,,,,,,,,,,,,,,,,,,,,,,
,645,,96846847,78,51,35,14,#¡VALOR!,#¡VALOR!,#¡VALOR!,#¡VALOR!,,,,,,,,,,,,,,,,,,,,,,,,,,,,,,,
,644,,96696697,78,51,35,14,#¡VALOR!,#¡VALOR!,#¡VALOR!,#¡VALOR!,,,,,,,,,,,,,,,,,,,,,,,,,,,,,,,
,643,,96546547,78,51,35,14,#¡VALOR!,#¡VALOR!,#¡VALOR!,#¡VALOR!,,,,,,,,,,,,,,,,,,,,,,,,,,,,,,,
,642,,96396396,78,51,35,14,#¡VALOR!,#¡VALOR!,#¡VALOR!,#¡VALOR!,,,,,,,,,,,,,,,,,,,,,,,,,,,,,,,
,641,,96246246,78,51,35,14,#¡VALOR!,#¡VALOR!,#¡VALOR!,#¡VALOR!,,,,,,,,,,,,,,,,,,,,,,,,,,,,,,,
,640,,96096096,78,51,35,14,#¡VALOR!,#¡VALOR!,#¡VALOR!,#¡VALOR!,,,,,,,,,,,,,,,,,,,,,,,,,,,,,,,
,639,,95945946,78,51,35,14,#¡VALOR!,#¡VALOR!,#¡VALOR!,#¡VALOR!,,,,,,,,,,,,,,,,,,,,,,,,,,,,,,,
,638,,95795796,78,51,35,14,#¡VALOR!,#¡VALOR!,#¡VALOR!,#¡VALOR!,,,,,,,,,,,,,,,,,,,,,,,,,,,,,,,
,637,,95645646,78,51,35,14,#¡VALOR!,#¡VALOR!,#¡VALOR!,#¡VALOR!,,,,,,,,,,,,,,,,,,,,,,,,,,,,,,,
,636,,95495495,78,51,35,14,#¡VALOR!,#¡VALOR!,#¡VALOR!,#¡VALOR!,,,,,,,,,,,,,,,,,,,,,,,,,,,,,,,
,635,,95345345,78,51,35,14,#¡VALOR!,#¡VALOR!,#¡VALOR!,#¡VALOR!,,,,,,,,,,,,,,,,,,,,,,,,,,,,,,,
,634,,95195195,78,51,35,14,#¡VALOR!,#¡VALOR!,#¡VALOR!,#¡VALOR!,,,,,,,,,,,,,,,,,,,,,,,,,,,,,,,
,633,,95045045,78,51,35,14,#¡VALOR!,#¡VALOR!,#¡VALOR!,#¡VALOR!,,,,,,,,,,,,,,,,,,,,,,,,,,,,,,,
,632,,94894895,78,51,35,14,#¡VALOR!,#¡VALOR!,#¡VALOR!,#¡VALOR!,,,,,,,,,,,,,,,,,,,,,,,,,,,,,,,
,631,,94744745,78,51,35,14,#¡VALOR!,#¡VALOR!,#¡VALOR!,#¡VALOR!,,,,,,,,,,,,,,,,,,,,,,,,,,,,,,,
,630,,94594595,78,51,35,14,#¡VALOR!,#¡VALOR!,#¡VALOR!,#¡VALOR!,,,,,,,,,,,,,,,,,,,,,,,,,,,,,,,
,629,,94444444,78,51,35,14,#¡VALOR!,#¡VALOR!,#¡VALOR!,#¡VALOR!,,,,,,,,,,,,,,,,,,,,,,,,,,,,,,,
,628,,94294294,78,51,35,14,#¡VALOR!,#¡VALOR!,#¡VALOR!,#¡VALOR!,,,,,,,,,,,,,,,,,,,,,,,,,,,,,,,
,627,,94144144,78,51,35,14,#¡VALOR!,#¡VALOR!,#¡VALOR!,#¡VALOR!,,,,,,,,,,,,,,,,,,,,,,,,,,,,,,,
,626,,93993994,78,51,35,14,#¡VALOR!,#¡VALOR!,#¡VALOR!,#¡VALOR!,,,,,,,,,,,,,,,,,,,,,,,,,,,,,,,
,625,,93843844,78,51,35,14,#¡VALOR!,#¡VALOR!,#¡VALOR!,#¡VALOR!,,,,,,,,,,,,,,,,,,,,,,,,,,,,,,,
,624,,93693694,78,51,35,14,#¡VALOR!,#¡VALOR!,#¡VALOR!,#¡VALOR!,,,,,,,,,,,,,,,,,,,,,,,,,,,,,,,
,623,,93543544,78,51,35,14,#¡VALOR!,#¡VALOR!,#¡VALOR!,#¡VALOR!,,,,,,,,,,,,,,,,,,,,,,,,,,,,,,,
,622,,93393393,78,51,35,14,#¡VALOR!,#¡VALOR!,#¡VALOR!,#¡VALOR!,,,,,,,,,,,,,,,,,,,,,,,,,,,,,,,
,621,,93243243,78,51,35,14,#¡VALOR!,#¡VALOR!,#¡VALOR!,#¡VALOR!,,,,,,,,,,,,,,,,,,,,,,,,,,,,,,,
,620,,93093093,78,51,35,14,#¡VALOR!,#¡VALOR!,#¡VALOR!,#¡VALOR!,,,,,,,,,,,,,,,,,,,,,,,,,,,,,,,
,619,,92942943,78,51,35,14,#¡VALOR!,#¡VALOR!,#¡VALOR!,#¡VALOR!,,,,,,,,,,,,,,,,,,,,,,,,,,,,,,,
,618,,92792793,78,51,35,14,#¡VALOR!,#¡VALOR!,#¡VALOR!,#¡VALOR!,,,,,,,,,,,,,,,,,,,,,,,,,,,,,,,
,617,,92642643,78,51,35,14,#¡VALOR!,#¡VALOR!,#¡VALOR!,#¡VALOR!,,,,,,,,,,,,,,,,,,,,,,,,,,,,,,,
,616,,92492492,78,51,35,14,#¡VALOR!,#¡VALOR!,#¡VALOR!,#¡VALOR!,,,,,,,,,,,,,,,,,,,,,,,,,,,,,,,
,615,,92342342,78,51,35,14,#¡VALOR!,#¡VALOR!,#¡VALOR!,#¡VALOR!,,,,,,,,,,,,,,,,,,,,,,,,,,,,,,,
,614,,92192192,78,51,35,14,#¡VALOR!,#¡VALOR!,#¡VALOR!,#¡VALOR!,,,,,,,,,,,,,,,,,,,,,,,,,,,,,,,
,613,,92042042,78,51,35,14,#¡VALOR!,#¡VALOR!,#¡VALOR!,#¡VALOR!,,,,,,,,,,,,,,,,,,,,,,,,,,,,,,,
,612,,91891892,77,51,35,14,#¡VALOR!,#¡VALOR!,#¡VALOR!,#¡VALOR!,,,,,,,,,,,,,,,,,,,,,,,,,,,,,,,
,611,,91741742,77,5,35,14,#¡VALOR!,#¡VALOR!,#¡VALOR!,#¡VALOR!,,,,,,,,,,,,,,,,,,,,,,,,,,,,,,,
,610,,91591592,77,5,35,14,#¡VALOR!,#¡VALOR!,#¡VALOR!,#¡VALOR!,,,,,,,,,,,,,,,,,,,,,,,,,,,,,,,
,609,,91441441,77,5,35,14,#¡VALOR!,#¡VALOR!,#¡VALOR!,#¡VALOR!,,,,,,,,,,,,,,,,,,,,,,,,,,,,,,,
,608,,91291291,77,5,35,14,#¡VALOR!,#¡VALOR!,#¡VALOR!,#¡VALOR!,,,,,,,,,,,,,,,,,,,,,,,,,,,,,,,
,607,,91141141,77,5,35,14,#¡VALOR!,#¡VALOR!,#¡VALOR!,#¡VALOR!,,,,,,,,,,,,,,,,,,,,,,,,,,,,,,,
,606,,90990991,77,5,35,14,#¡VALOR!,#¡VALOR!,#¡VALOR!,#¡VALOR!,,,,,,,,,,,,,,,,,,,,,,,,,,,,,,,
,605,,90840841,77,5,35,14,#¡VALOR!,#¡VALOR!,#¡VALOR!,#¡VALOR!,,,,,,,,,,,,,,,,,,,,,,,,,,,,,,,
,604,,90690691,77,5,35,14,#¡VALOR!,#¡VALOR!,#¡VALOR!,#¡VALOR!,,,,,,,,,,,,,,,,,,,,,,,,,,,,,,,
,603,,90540541,77,5,35,14,#¡VALOR!,#¡VALOR!,#¡VALOR!,#¡VALOR!,,,,,,,,,,,,,,,,,,,,,,,,,,,,,,,
,602,,9039039,77,5,35,14,#¡VALOR!,#¡VALOR!,#¡VALOR!,#¡VALOR!,,,,,,,,,,,,,,,,,,,,,,,,,,,,,,,
,601,,9024024,77,5,35,14,#¡VALOR!,#¡VALOR!,#¡VALOR!,#¡VALOR!,,,,,,,,,,,,,,,,,,,,,,,,,,,,,,,
,600,,9009009,77,5,35,14,#¡VALOR!,#¡VALOR!,#¡VALOR!,#¡VALOR!,,,,,,,,,,,,,,,,,,,,,,,,,,,,,,,
,599,,8993994,77,5,35,14,#¡VALOR!,#¡VALOR!,#¡VALOR!,#¡VALOR!,,,,,,,,,,,,,,,,,,,,,,,,,,,,,,,
,598,,8978979,77,5,35,14,#¡VALOR!,#¡VALOR!,#¡VALOR!,#¡VALOR!,,,,,,,,,,,,,,,,,,,,,,,,,,,,,,,
,597,,8963964,77,5,34,14,#¡VALOR!,#¡VALOR!,#¡VALOR!,#¡VALOR!,,,,,,,,,,,,,,,,,,,,,,,,,,,,,,,
,596,,89489489,77,5,34,14,#¡VALOR!,#¡VALOR!,#¡VALOR!,#¡VALOR!,,,,,,,,,,,,,,,,,,,,,,,,,,,,,,,
,595,,89339339,77,5,34,14,#¡VALOR!,#¡VALOR!,#¡VALOR!,#¡VALOR!,,,,,,,,,,,,,,,,,,,,,,,,,,,,,,,
,594,,89189189,77,5,34,14,#¡VALOR!,#¡VALOR!,#¡VALOR!,#¡VALOR!,,,,,,,,,,,,,,,,,,,,,,,,,,,,,,,
,593,,89039039,77,5,34,14,#¡VALOR!,#¡VALOR!,#¡VALOR!,#¡VALOR!,,,,,,,,,,,,,,,,,,,,,,,,,,,,,,,
,592,,88888889,77,5,34,14,#¡VALOR!,#¡VALOR!,#¡VALOR!,#¡VALOR!,,,,,,,,,,,,,,,,,,,,,,,,,,,,,,,
,591,,88738739,77,5,34,14,#¡VALOR!,#¡VALOR!,#¡VALOR!,#¡VALOR!,,,,,,,,,,,,,,,,,,,,,,,,,,,,,,,
,590,,88588589,77,5,34,14,#¡VALOR!,#¡VALOR!,#¡VALOR!,#¡VALOR!,,,,,,,,,,,,,,,,,,,,,,,,,,,,,,,
,589,,88438438,77,5,34,14,#¡VALOR!,#¡VALOR!,#¡VALOR!,#¡VALOR!,,,,,,,,,,,,,,,,,,,,,,,,,,,,,,,
,588,,88288288,77,5,34,14,#¡VALOR!,#¡VALOR!,#¡VALOR!,#¡VALOR!,,,,,,,,,,,,,,,,,,,,,,,,,,,,,,,
,587,,88138138,77,5,34,14,#¡VALOR!,#¡VALOR!,#¡VALOR!,#¡VALOR!,,,,,,,,,,,,,,,,,,,,,,,,,,,,,,,
,586,,87987988,77,5,34,14,#¡VALOR!,#¡VALOR!,#¡VALOR!,#¡VALOR!,,,,,,,,,,,,,,,,,,,,,,,,,,,,,,,
,585,,87837838,77,5,34,14,#¡VALOR!,#¡VALOR!,#¡VALOR!,#¡VALOR!,,,,,,,,,,,,,,,,,,,,,,,,,,,,,,,
,584,,87687688,77,5,34,14,#¡VALOR!,#¡VALOR!,#¡VALOR!,#¡VALOR!,,,,,,,,,,,,,,,,,,,,,,,,,,,,,,,
,583,,87537538,77,5,34,14,#¡VALOR!,#¡VALOR!,#¡VALOR!,#¡VALOR!,,,,,,,,,,,,,,,,,,,,,,,,,,,,,,,
,582,,87387387,77,5,34,14,#¡VALOR!,#¡VALOR!,#¡VALOR!,#¡VALOR!,,,,,,,,,,,,,,,,,,,,,,,,,,,,,,,
,581,,87237237,77,5,34,14,#¡VALOR!,#¡VALOR!,#¡VALOR!,#¡VALOR!,,,,,,,,,,,,,,,,,,,,,,,,,,,,,,,
,580,,87087087,77,5,34,14,#¡VALOR!,#¡VALOR!,#¡VALOR!,#¡VALOR!,,,,,,,,,,,,,,,,,,,,,,,,,,,,,,,
,579,,86936937,77,5,34,14,#¡VALOR!,#¡VALOR!,#¡VALOR!,#¡VALOR!,,,,,,,,,,,,,,,,,,,,,,,,,,,,,,,
,578,,86786787,77,5,34,14,#¡VALOR!,#¡VALOR!,#¡VALOR!,#¡VALOR!,,,,,,,,,,,,,,,,,,,,,,,,,,,,,,,
,577,,86636637,77,5,34,14,#¡VALOR!,#¡VALOR!,#¡VALOR!,#¡VALOR!,,,,,,,,,,,,,,,,,,,,,,,,,,,,,,,
,576,,86486486,77,5,34,14,#¡VALOR!,#¡VALOR!,#¡VALOR!,#¡VALOR!,,,,,,,,,,,,,,,,,,,,,,,,,,,,,,,
,575,,86336336,77,5,34,14,#¡VALOR!,#¡VALOR!,#¡VALOR!,#¡VALOR!,,,,,,,,,,,,,,,,,,,,,,,,,,,,,,,
,574,,86186186,77,5,34,14,#¡VALOR!,#¡VALOR!,#¡VALOR!,#¡VALOR!,,,,,,,,,,,,,,,,,,,,,,,,,,,,,,,
,573,,86036036,77,49,34,14,#¡VALOR!,#¡VALOR!,#¡VALOR!,#¡VALOR!,,,,,,,,,,,,,,,,,,,,,,,,,,,,,,,
,572,,85885886,77,49,34,14,#¡VALOR!,#¡VALOR!,#¡VALOR!,#¡VALOR!,,,,,,,,,,,,,,,,,,,,,,,,,,,,,,,
,571,,85735736,77,49,34,14,#¡VALOR!,#¡VALOR!,#¡VALOR!,#¡VALOR!,,,,,,,,,,,,,,,,,,,,,,,,,,,,,,,
,570,,85585586,77,49,34,14,#¡VALOR!,#¡VALOR!,#¡VALOR!,#¡VALOR!,,,,,,,,,,,,,,,,,,,,,,,,,,,,,,,
,569,,85435435,77,49,34,14,#¡VALOR!,#¡VALOR!,#¡VALOR!,#¡VALOR!,,,,,,,,,,,,,,,,,,,,,,,,,,,,,,,
,568,,85285285,77,49,34,14,#¡VALOR!,#¡VALOR!,#¡VALOR!,#¡VALOR!,,,,,,,,,,,,,,,,,,,,,,,,,,,,,,,
,567,,85135135,77,49,34,14,#¡VALOR!,#¡VALOR!,#¡VALOR!,#¡VALOR!,,,,,,,,,,,,,,,,,,,,,,,,,,,,,,,
,566,,84984985,77,49,34,14,#¡VALOR!,#¡VALOR!,#¡VALOR!,#¡VALOR!,,,,,,,,,,,,,,,,,,,,,,,,,,,,,,,
,565,,84834835,77,49,34,14,#¡VALOR!,#¡VALOR!,#¡VALOR!,#¡VALOR!,,,,,,,,,,,,,,,,,,,,,,,,,,,,,,,
,564,,84684685,77,49,34,14,#¡VALOR!,#¡VALOR!,#¡VALOR!,#¡VALOR!,,,,,,,,,,,,,,,,,,,,,,,,,,,,,,,
,563,,84534535,77,49,34,14,#¡VALOR!,#¡VALOR!,#¡VALOR!,#¡VALOR!,,,,,,,,,,,,,,,,,,,,,,,,,,,,,,,
,562,,84384384,77,49,34,14,#¡VALOR!,#¡VALOR!,#¡VALOR!,#¡VALOR!,,,,,,,,,,,,,,,,,,,,,,,,,,,,,,,
,561,,84234234,77,49,34,14,#¡VALOR!,#¡VALOR!,#¡VALOR!,#¡VALOR!,,,,,,,,,,,,,,,,,,,,,,,,,,,,,,,
,560,,84084084,77,49,34,14,#¡VALOR!,#¡VALOR!,#¡VALOR!,#¡VALOR!,,,,,,,,,,,,,,,,,,,,,,,,,,,,,,,
,559,,83933934,77,49,34,14,#¡VALOR!,#¡VALOR!,#¡VALOR!,#¡VALOR!,,,,,,,,,,,,,,,,,,,,,,,,,,,,,,,
,558,,83783784,77,49,34,14,#¡VALOR!,#¡VALOR!,#¡VALOR!,#¡VALOR!,,,,,,,,,,,,,,,,,,,,,,,,,,,,,,,
,557,,83633634,77,49,34,14,#¡VALOR!,#¡VALOR!,#¡VALOR!,#¡VALOR!,,,,,,,,,,,,,,,,,,,,,,,,,,,,,,,
,556,,83483483,77,49,34,14,#¡VALOR!,#¡VALOR!,#¡VALOR!,#¡VALOR!,,,,,,,,,,,,,,,,,,,,,,,,,,,,,,,
,555,,83333333,77,49,34,14,#¡VALOR!,#¡VALOR!,#¡VALOR!,#¡VALOR!,,,,,,,,,,,,,,,,,,,,,,,,,,,,,,,
,554,,83183183,77,49,34,14,#¡VALOR!,#¡VALOR!,#¡VALOR!,#¡VALOR!,,,,,,,,,,,,,,,,,,,,,,,,,,,,,,,
,553,,83033033,77,49,34,14,#¡VALOR!,#¡VALOR!,#¡VALOR!,#¡VALOR!,,,,,,,,,,,,,,,,,,,,,,,,,,,,,,,
,552,,82882883,77,49,34,14,#¡VALOR!,#¡VALOR!,#¡VALOR!,#¡VALOR!,,,,,,,,,,,,,,,,,,,,,,,,,,,,,,,
,551,,82732733,77,49,34,14,#¡VALOR!,#¡VALOR!,#¡VALOR!,#¡VALOR!,,,,,,,,,,,,,,,,,,,,,,,,,,,,,,,
,550,,82582583,77,49,34,14,#¡VALOR!,#¡VALOR!,#¡VALOR!,#¡VALOR!,,,,,,,,,,,,,,,,,,,,,,,,,,,,,,,
,549,,82432432,77,49,34,14,#¡VALOR!,#¡VALOR!,#¡VALOR!,#¡VALOR!,,,,,,,,,,,,,,,,,,,,,,,,,,,,,,,
,548,,82282282,77,49,34,14,#¡VALOR!,#¡VALOR!,#¡VALOR!,#¡VALOR!,,,,,,,,,,,,,,,,,,,,,,,,,,,,,,,
,547,,82132132,77,49,34,14,#¡VALOR!,#¡VALOR!,#¡VALOR!,#¡VALOR!,,,,,,,,,,,,,,,,,,,,,,,,,,,,,,,
,546,,81981982,77,49,34,14,#¡VALOR!,#¡VALOR!,#¡VALOR!,#¡VALOR!,,,,,,,,,,,,,,,,,,,,,,,,,,,,,,,
,545,,81831832,77,49,33,14,#¡VALOR!,#¡VALOR!,#¡VALOR!,#¡VALOR!,,,,,,,,,,,,,,,,,,,,,,,,,,,,,,,
,544,,81681682,77,49,33,14,#¡VALOR!,#¡VALOR!,#¡VALOR!,#¡VALOR!,,,,,,,,,,,,,,,,,,,,,,,,,,,,,,,
,543,,81531532,77,49,33,14,#¡VALOR!,#¡VALOR!,#¡VALOR!,#¡VALOR!,,,,,,,,,,,,,,,,,,,,,,,,,,,,,,,
,542,,81381381,77,49,33,14,#¡VALOR!,#¡VALOR!,#¡VALOR!,#¡VALOR!,,,,,,,,,,,,,,,,,,,,,,,,,,,,,,,
,541,,81231231,77,49,33,14,#¡VALOR!,#¡VALOR!,#¡VALOR!,#¡VALOR!,,,,,,,,,,,,,,,,,,,,,,,,,,,,,,,
,540,,81081081,77,49,33,14,#¡VALOR!,#¡VALOR!,#¡VALOR!,#¡VALOR!,,,,,,,,,,,,,,,,,,,,,,,,,,,,,,,
,539,,80930931,77,49,33,14,#¡VALOR!,#¡VALOR!,#¡VALOR!,#¡VALOR!,,,,,,,,,,,,,,,,,,,,,,,,,,,,,,,
,538,,80780781,77,49,33,14,#¡VALOR!,#¡VALOR!,#¡VALOR!,#¡VALOR!,,,,,,,,,,,,,,,,,,,,,,,,,,,,,,,
,537,,80630631,77,48,33,14,#¡VALOR!,#¡VALOR!,#¡VALOR!,#¡VALOR!,,,,,,,,,,,,,,,,,,,,,,,,,,,,,,,
,536,,8048048,77,48,33,13,#¡VALOR!,#¡VALOR!,#¡VALOR!,#¡VALOR!,,,,,,,,,,,,,,,,,,,,,,,,,,,,,,,
,535,,8033033,77,48,33,13,#¡VALOR!,#¡VALOR!,#¡VALOR!,#¡VALOR!,,,,,,,,,,,,,,,,,,,,,,,,,,,,,,,
,534,,8018018,77,48,33,13,#¡VALOR!,#¡VALOR!,#¡VALOR!,#¡VALOR!,,,,,,,,,,,,,,,,,,,,,,,,,,,,,,,
,533,,8003003,76,48,33,13,#¡VALOR!,#¡VALOR!,#¡VALOR!,#¡VALOR!,,,,,,,,,,,,,,,,,,,,,,,,,,,,,,,
,532,,7987988,76,48,33,13,#¡VALOR!,#¡VALOR!,#¡VALOR!,#¡VALOR!,,,,,,,,,,,,,,,,,,,,,,,,,,,,,,,
,531,,7972973,76,48,33,13,#¡VALOR!,#¡VALOR!,#¡VALOR!,#¡VALOR!,,,,,,,,,,,,,,,,,,,,,,,,,,,,,,,
,530,,7957958,76,48,33,13,#¡VALOR!,#¡VALOR!,#¡VALOR!,#¡VALOR!,,,,,,,,,,,,,,,,,,,,,,,,,,,,,,,
,529,,79429429,76,48,33,13,#¡VALOR!,#¡VALOR!,#¡VALOR!,#¡VALOR!,,,,,,,,,,,,,,,,,,,,,,,,,,,,,,,
,528,,79279279,76,48,33,13,#¡VALOR!,#¡VALOR!,#¡VALOR!,#¡VALOR!,,,,,,,,,,,,,,,,,,,,,,,,,,,,,,,
,527,,79129129,76,48,33,13,#¡VALOR!,#¡VALOR!,#¡VALOR!,#¡VALOR!,,,,,,,,,,,,,,,,,,,,,,,,,,,,,,,
,526,,78978979,76,48,33,13,#¡VALOR!,#¡VALOR!,#¡VALOR!,#¡VALOR!,,,,,,,,,,,,,,,,,,,,,,,,,,,,,,,
,525,,78828829,76,48,33,13,#¡VALOR!,#¡VALOR!,#¡VALOR!,#¡VALOR!,,,,,,,,,,,,,,,,,,,,,,,,,,,,,,,
,524,,78678679,76,48,33,13,#¡VALOR!,#¡VALOR!,#¡VALOR!,#¡VALOR!,,,,,,,,,,,,,,,,,,,,,,,,,,,,,,,
,523,,78528529,76,48,33,13,#¡VALOR!,#¡VALOR!,#¡VALOR!,#¡VALOR!,,,,,,,,,,,,,,,,,,,,,,,,,,,,,,,
,522,,78378378,76,48,33,13,#¡VALOR!,#¡VALOR!,#¡VALOR!,#¡VALOR!,,,,,,,,,,,,,,,,,,,,,,,,,,,,,,,
,521,,78228228,76,48,33,13,#¡VALOR!,#¡VALOR!,#¡VALOR!,#¡VALOR!,,,,,,,,,,,,,,,,,,,,,,,,,,,,,,,
,520,,78078078,76,48,33,13,#¡VALOR!,#¡VALOR!,#¡VALOR!,#¡VALOR!,,,,,,,,,,,,,,,,,,,,,,,,,,,,,,,
,519,,77927928,76,48,33,13,#¡VALOR!,#¡VALOR!,#¡VALOR!,#¡VALOR!,,,,,,,,,,,,,,,,,,,,,,,,,,,,,,,
,518,,77777778,76,48,33,13,#¡VALOR!,#¡VALOR!,#¡VALOR!,#¡VALOR!,,,,,,,,,,,,,,,,,,,,,,,,,,,,,,,
,517,,77627628,76,48,33,13,#¡VALOR!,#¡VALOR!,#¡VALOR!,#¡VALOR!,,,,,,,,,,,,,,,,,,,,,,,,,,,,,,,
,516,,77477477,76,48,33,13,#¡VALOR!,#¡VALOR!,#¡VALOR!,#¡VALOR!,,,,,,,,,,,,,,,,,,,,,,,,,,,,,,,
,515,,77327327,76,48,33,13,#¡VALOR!,#¡VALOR!,#¡VALOR!,#¡VALOR!,,,,,,,,,,,,,,,,,,,,,,,,,,,,,,,
,514,,77177177,76,48,33,13,#¡VALOR!,#¡VALOR!,#¡VALOR!,#¡VALOR!,,,,,,,,,,,,,,,,,,,,,,,,,,,,,,,
,513,,77027027,76,48,33,13,#¡VALOR!,#¡VALOR!,#¡VALOR!,#¡VALOR!,,,,,,,,,,,,,,,,,,,,,,,,,,,,,,,
,512,,76876877,76,48,33,13,#¡VALOR!,#¡VALOR!,#¡VALOR!,#¡VALOR!,,,,,,,,,,,,,,,,,,,,,,,,,,,,,,,
,511,,76726727,76,48,33,13,#¡VALOR!,#¡VALOR!,#¡VALOR!,#¡VALOR!,,,,,,,,,,,,,,,,,,,,,,,,,,,,,,,
,510,,76576577,76,48,33,13,#¡VALOR!,#¡VALOR!,#¡VALOR!,#¡VALOR!,,,,,,,,,,,,,,,,,,,,,,,,,,,,,,,
,509,,76426426,76,48,33,13,#¡VALOR!,#¡VALOR!,#¡VALOR!,#¡VALOR!,,,,,,,,,,,,,,,,,,,,,,,,,,,,,,,
,508,,76276276,76,48,33,13,#¡VALOR!,#¡VALOR!,#¡VALOR!,#¡VALOR!,,,,,,,,,,,,,,,,,,,,,,,,,,,,,,,
,507,,76126126,76,48,33,13,#¡VALOR!,#¡VALOR!,#¡VALOR!,#¡VALOR!,,,,,,,,,,,,,,,,,,,,,,,,,,,,,,,
,506,,75975976,76,48,33,13,#¡VALOR!,#¡VALOR!,#¡VALOR!,#¡VALOR!,,,,,,,,,,,,,,,,,,,,,,,,,,,,,,,
,505,,75825826,76,48,33,13,#¡VALOR!,#¡VALOR!,#¡VALOR!,#¡VALOR!,,,,,,,,,,,,,,,,,,,,,,,,,,,,,,,
,504,,75675676,76,47,33,13,#¡VALOR!,#¡VALOR!,#¡VALOR!,#¡VALOR!,,,,,,,,,,,,,,,,,,,,,,,,,,,,,,,
,503,,75525526,76,47,33,13,#¡VALOR!,#¡VALOR!,#¡VALOR!,#¡VALOR!,,,,,,,,,,,,,,,,,,,,,,,,,,,,,,,
,502,,75375375,76,47,33,13,#¡VALOR!,#¡VALOR!,#¡VALOR!,#¡VALOR!,,,,,,,,,,,,,,,,,,,,,,,,,,,,,,,
,501,,75225225,76,47,33,13,#¡VALOR!,#¡VALOR!,#¡VALOR!,#¡VALOR!,,,,,,,,,,,,,,,,,,,,,,,,,,,,,,,
,500,,75075075,76,47,33,13,#¡VALOR!,#¡VALOR!,#¡VALOR!,#¡VALOR!,,,,,,,,,,,,,,,,,,,,,,,,,,,,,,,
,499,,74924925,76,47,32,13,#¡VALOR!,#¡VALOR!,#¡VALOR!,#¡VALOR!,,,,,,,,,,,,,,,,,,,,,,,,,,,,,,,
,498,,74774775,76,47,32,13,#¡VALOR!,#¡VALOR!,#¡VALOR!,#¡VALOR!,,,,,,,,,,,,,,,,,,,,,,,,,,,,,,,
,497,,74624625,76,47,32,13,#¡VALOR!,#¡VALOR!,#¡VALOR!,#¡VALOR!,,,,,,,,,,,,,,,,,,,,,,,,,,,,,,,
,496,,74474474,76,47,32,13,#¡VALOR!,#¡VALOR!,#¡VALOR!,#¡VALOR!,,,,,,,,,,,,,,,,,,,,,,,,,,,,,,,
,495,,74324324,76,47,32,13,#¡VALOR!,#¡VALOR!,#¡VALOR!,#¡VALOR!,,,,,,,,,,,,,,,,,,,,,,,,,,,,,,,
,494,,74174174,76,47,32,13,#¡VALOR!,#¡VALOR!,#¡VALOR!,#¡VALOR!,,,,,,,,,,,,,,,,,,,,,,,,,,,,,,,
,493,,74024024,76,47,32,13,#¡VALOR!,#¡VALOR!,#¡VALOR!,#¡VALOR!,,,,,,,,,,,,,,,,,,,,,,,,,,,,,,,
,492,,73873874,76,47,32,13,#¡VALOR!,#¡VALOR!,#¡VALOR!,#¡VALOR!,,,,,,,,,,,,,,,,,,,,,,,,,,,,,,,
,491,,73723724,76,47,32,13,#¡VALOR!,#¡VALOR!,#¡VALOR!,#¡VALOR!,,,,,,,,,,,,,,,,,,,,,,,,,,,,,,,
,490,,73573574,76,47,32,13,#¡VALOR!,#¡VALOR!,#¡VALOR!,#¡VALOR!,,,,,,,,,,,,,,,,,,,,,,,,,,,,,,,
,489,,73423423,76,47,32,13,#¡VALOR!,#¡VALOR!,#¡VALOR!,#¡VALOR!,,,,,,,,,,,,,,,,,,,,,,,,,,,,,,,
,488,,73273273,76,47,32,13,#¡VALOR!,#¡VALOR!,#¡VALOR!,#¡VALOR!,,,,,,,,,,,,,,,,,,,,,,,,,,,,,,,
,487,,73123123,76,47,32,13,#¡VALOR!,#¡VALOR!,#¡VALOR!,#¡VALOR!,,,,,,,,,,,,,,,,,,,,,,,,,,,,,,,
,486,,72972973,76,47,32,13,#¡VALOR!,#¡VALOR!,#¡VALOR!,#¡VALOR!,,,,,,,,,,,,,,,,,,,,,,,,,,,,,,,
,485,,72822823,76,47,32,13,#¡VALOR!,#¡VALOR!,#¡VALOR!,#¡VALOR!,,,,,,,,,,,,,,,,,,,,,,,,,,,,,,,
,484,,72672673,76,47,32,13,#¡VALOR!,#¡VALOR!,#¡VALOR!,#¡VALOR!,,,,,,,,,,,,,,,,,,,,,,,,,,,,,,,
,483,,72522523,76,47,32,13,#¡VALOR!,#¡VALOR!,#¡VALOR!,#¡VALOR!,,,,,,,,,,,,,,,,,,,,,,,,,,,,,,,
,482,,72372372,76,47,32,13,#¡VALOR!,#¡VALOR!,#¡VALOR!,#¡VALOR!,,,,,,,,,,,,,,,,,,,,,,,,,,,,,,,
,481,,72222222,76,47,32,13,#¡VALOR!,#¡VALOR!,#¡VALOR!,#¡VALOR!,,,,,,,,,,,,,,,,,,,,,,,,,,,,,,,
,480,,72072072,76,47,32,13,#¡VALOR!,#¡VALOR!,#¡VALOR!,#¡VALOR!,,,,,,,,,,,,,,,,,,,,,,,,,,,,,,,
,479,,71921922,76,47,32,13,#¡VALOR!,#¡VALOR!,#¡VALOR!,#¡VALOR!,,,,,,,,,,,,,,,,,,,,,,,,,,,,,,,
,478,,71771772,76,47,32,13,#¡VALOR!,#¡VALOR!,#¡VALOR!,#¡VALOR!,,,,,,,,,,,,,,,,,,,,,,,,,,,,,,,
,477,,71621622,76,47,32,13,#¡VALOR!,#¡VALOR!,#¡VALOR!,#¡VALOR!,,,,,,,,,,,,,,,,,,,,,,,,,,,,,,,
,476,,71471471,76,47,32,13,#¡VALOR!,#¡VALOR!,#¡VALOR!,#¡VALOR!,,,,,,,,,,,,,,,,,,,,,,,,,,,,,,,
,475,,71321321,76,47,32,13,#¡VALOR!,#¡VALOR!,#¡VALOR!,#¡VALOR!,,,,,,,,,,,,,,,,,,,,,,,,,,,,,,,
,474,,71171171,76,46,32,13,#¡VALOR!,#¡VALOR!,#¡VALOR!,#¡VALOR!,,,,,,,,,,,,,,,,,,,,,,,,,,,,,,,
,473,,71021021,76,46,32,13,#¡VALOR!,#¡VALOR!,#¡VALOR!,#¡VALOR!,,,,,,,,,,,,,,,,,,,,,,,,,,,,,,,
,472,,70870871,76,46,32,13,#¡VALOR!,#¡VALOR!,#¡VALOR!,#¡VALOR!,,,,,,,,,,,,,,,,,,,,,,,,,,,,,,,
,471,,70720721,76,46,32,13,#¡VALOR!,#¡VALOR!,#¡VALOR!,#¡VALOR!,,,,,,,,,,,,,,,,,,,,,,,,,,,,,,,
,470,,70570571,76,46,32,13,#¡VALOR!,#¡VALOR!,#¡VALOR!,#¡VALOR!,,,,,,,,,,,,,,,,,,,,,,,,,,,,,,,
,469,,7042042,75,46,32,13,#¡VALOR!,#¡VALOR!,#¡VALOR!,#¡VALOR!,,,,,,,,,,,,,,,,,,,,,,,,,,,,,,,
,468,,7027027,75,46,32,13,#¡VALOR!,#¡VALOR!,#¡VALOR!,#¡VALOR!,,,,,,,,,,,,,,,,,,,,,,,,,,,,,,,
,467,,7012012,75,46,32,13,#¡VALOR!,#¡VALOR!,#¡VALOR!,#¡VALOR!,,,,,,,,,,,,,,,,,,,,,,,,,,,,,,,
,466,,6996997,75,46,32,13,#¡VALOR!,#¡VALOR!,#¡VALOR!,#¡VALOR!,,,,,,,,,,,,,,,,,,,,,,,,,,,,,,,
,465,,6981982,75,46,32,13,#¡VALOR!,#¡VALOR!,#¡VALOR!,#¡VALOR!,,,,,,,,,,,,,,,,,,,,,,,,,,,,,,,
,464,,6966967,75,46,32,13,#¡VALOR!,#¡VALOR!,#¡VALOR!,#¡VALOR!,,,,,,,,,,,,,,,,,,,,,,,,,,,,,,,
,463,,6951952,75,46,32,13,#¡VALOR!,#¡VALOR!,#¡VALOR!,#¡VALOR!,,,,,,,,,,,,,,,,,,,,,,,,,,,,,,,
,462,,69369369,75,46,32,13,#¡VALOR!,#¡VALOR!,#¡VALOR!,#¡VALOR!,,,,,,,,,,,,,,,,,,,,,,,,,,,,,,,
,461,,69219219,75,46,32,13,#¡VALOR!,#¡VALOR!,#¡VALOR!,#¡VALOR!,,,,,,,,,,,,,,,,,,,,,,,,,,,,,,,
,460,,69069069,75,46,32,13,#¡VALOR!,#¡VALOR!,#¡VALOR!,#¡VALOR!,,,,,,,,,,,,,,,,,,,,,,,,,,,,,,,
,459,,68918919,75,46,31,13,#¡VALOR!,#¡VALOR!,#¡VALOR!,#¡VALOR!,,,,,,,,,,,,,,,,,,,,,,,,,,,,,,,
,458,,68768769,75,46,31,13,#¡VALOR!,#¡VALOR!,#¡VALOR!,#¡VALOR!,,,,,,,,,,,,,,,,,,,,,,,,,,,,,,,
,457,,68618619,75,46,31,13,#¡VALOR!,#¡VALOR!,#¡VALOR!,#¡VALOR!,,,,,,,,,,,,,,,,,,,,,,,,,,,,,,,
,456,,68468468,75,46,31,13,#¡VALOR!,#¡VALOR!,#¡VALOR!,#¡VALOR!,,,,,,,,,,,,,,,,,,,,,,,,,,,,,,,
,455,,68318318,75,46,31,13,#¡VALOR!,#¡VALOR!,#¡VALOR!,#¡VALOR!,,,,,,,,,,,,,,,,,,,,,,,,,,,,,,,
,454,,68168168,75,46,31,13,#¡VALOR!,#¡VALOR!,#¡VALOR!,#¡VALOR!,,,,,,,,,,,,,,,,,,,,,,,,,,,,,,,
,453,,68018018,75,46,31,13,#¡VALOR!,#¡VALOR!,#¡VALOR!,#¡VALOR!,,,,,,,,,,,,,,,,,,,,,,,,,,,,,,,
,452,,67867868,75,46,31,13,#¡VALOR!,#¡VALOR!,#¡VALOR!,#¡VALOR!,,,,,,,,,,,,,,,,,,,,,,,,,,,,,,,
,451,,67717718,75,46,31,13,#¡VALOR!,#¡VALOR!,#¡VALOR!,#¡VALOR!,,,,,,,,,,,,,,,,,,,,,,,,,,,,,,,
,450,,67567568,75,46,31,13,#¡VALOR!,#¡VALOR!,#¡VALOR!,#¡VALOR!,,,,,,,,,,,,,,,,,,,,,,,,,,,,,,,
,449,,67417417,75,46,31,13,#¡VALOR!,#¡VALOR!,#¡VALOR!,#¡VALOR!,,,,,,,,,,,,,,,,,,,,,,,,,,,,,,,
,448,,67267267,75,46,31,13,#¡VALOR!,#¡VALOR!,#¡VALOR!,#¡VALOR!,,,,,,,,,,,,,,,,,,,,,,,,,,,,,,,
,447,,67117117,75,45,31,13,#¡VALOR!,#¡VALOR!,#¡VALOR!,#¡VALOR!,,,,,,,,,,,,,,,,,,,,,,,,,,,,,,,
,446,,66966967,75,45,31,13,#¡VALOR!,#¡VALOR!,#¡VALOR!,#¡VALOR!,,,,,,,,,,,,,,,,,,,,,,,,,,,,,,,
,445,,66816817,75,45,31,13,#¡VALOR!,#¡VALOR!,#¡VALOR!,#¡VALOR!,,,,,,,,,,,,,,,,,,,,,,,,,,,,,,,
,444,,66666667,75,45,31,13,#¡VALOR!,#¡VALOR!,#¡VALOR!,#¡VALOR!,,,,,,,,,,,,,,,,,,,,,,,,,,,,,,,
,443,,66516517,75,45,31,13,#¡VALOR!,#¡VALOR!,#¡VALOR!,#¡VALOR!,,,,,,,,,,,,,,,,,,,,,,,,,,,,,,,
,442,,66366366,75,45,31,13,#¡VALOR!,#¡VALOR!,#¡VALOR!,#¡VALOR!,,,,,,,,,,,,,,,,,,,,,,,,,,,,,,,
,441,,66216216,75,45,31,13,#¡VALOR!,#¡VALOR!,#¡VALOR!,#¡VALOR!,,,,,,,,,,,,,,,,,,,,,,,,,,,,,,,
,440,,66066066,75,45,31,13,#¡VALOR!,#¡VALOR!,#¡VALOR!,#¡VALOR!,,,,,,,,,,,,,,,,,,,,,,,,,,,,,,,
,439,,65915916,75,45,31,13,#¡VALOR!,#¡VALOR!,#¡VALOR!,#¡VALOR!,,,,,,,,,,,,,,,,,,,,,,,,,,,,,,,
,438,,65765766,75,45,31,13,#¡VALOR!,#¡VALOR!,#¡VALOR!,#¡VALOR!,,,,,,,,,,,,,,,,,,,,,,,,,,,,,,,
,437,,65615616,75,45,31,13,#¡VALOR!,#¡VALOR!,#¡VALOR!,#¡VALOR!,,,,,,,,,,,,,,,,,,,,,,,,,,,,,,,
,436,,65465465,75,45,31,13,#¡VALOR!,#¡VALOR!,#¡VALOR!,#¡VALOR!,,,,,,,,,,,,,,,,,,,,,,,,,,,,,,,
,435,,65315315,75,45,31,13,#¡VALOR!,#¡VALOR!,#¡VALOR!,#¡VALOR!,,,,,,,,,,,,,,,,,,,,,,,,,,,,,,,
,434,,65165165,75,45,31,13,#¡VALOR!,#¡VALOR!,#¡VALOR!,#¡VALOR!,,,,,,,,,,,,,,,,,,,,,,,,,,,,,,,
,433,,65015015,75,45,31,13,#¡VALOR!,#¡VALOR!,#¡VALOR!,#¡VALOR!,,,,,,,,,,,,,,,,,,,,,,,,,,,,,,,
,432,,64864865,75,45,31,13,#¡VALOR!,#¡VALOR!,#¡VALOR!,#¡VALOR!,,,,,,,,,,,,,,,,,,,,,,,,,,,,,,,
,431,,64714715,75,45,31,13,#¡VALOR!,#¡VALOR!,#¡VALOR!,#¡VALOR!,,,,,,,,,,,,,,,,,,,,,,,,,,,,,,,
,430,,64564565,75,45,31,13,#¡VALOR!,#¡VALOR!,#¡VALOR!,#¡VALOR!,,,,,,,,,,,,,,,,,,,,,,,,,,,,,,,
,429,,64414414,75,45,31,13,#¡VALOR!,#¡VALOR!,#¡VALOR!,#¡VALOR!,,,,,,,,,,,,,,,,,,,,,,,,,,,,,,,
,428,,64264264,75,45,31,13,#¡VALOR!,#¡VALOR!,#¡VALOR!,#¡VALOR!,,,,,,,,,,,,,,,,,,,,,,,,,,,,,,,
,427,,64114114,75,45,31,13,#¡VALOR!,#¡VALOR!,#¡VALOR!,#¡VALOR!,,,,,,,,,,,,,,,,,,,,,,,,,,,,,,,
,426,,63963964,75,45,31,13,#¡VALOR!,#¡VALOR!,#¡VALOR!,#¡VALOR!,,,,,,,,,,,,,,,,,,,,,,,,,,,,,,,
,425,,63813814,75,45,31,13,#¡VALOR!,#¡VALOR!,#¡VALOR!,#¡VALOR!,,,,,,,,,,,,,,,,,,,,,,,,,,,,,,,
,424,,63663664,75,45,3,13,#¡VALOR!,#¡VALOR!,#¡VALOR!,#¡VALOR!,,,,,,,,,,,,,,,,,,,,,,,,,,,,,,,
,423,,63513514,75,45,3,13,#¡VALOR!,#¡VALOR!,#¡VALOR!,#¡VALOR!,,,,,,,,,,,,,,,,,,,,,,,,,,,,,,,
,422,,63363363,75,45,3,13,#¡VALOR!,#¡VALOR!,#¡VALOR!,#¡VALOR!,,,,,,,,,,,,,,,,,,,,,,,,,,,,,,,
,421,,63213213,75,44,3,13,#¡VALOR!,#¡VALOR!,#¡VALOR!,#¡VALOR!,,,,,,,,,,,,,,,,,,,,,,,,,,,,,,,
,420,,63063063,75,44,3,13,#¡VALOR!,#¡VALOR!,#¡VALOR!,#¡VALOR!,,,,,,,,,,,,,,,,,,,,,,,,,,,,,,,
,419,,62912913,75,44,3,13,#¡VALOR!,#¡VALOR!,#¡VALOR!,#¡VALOR!,,,,,,,,,,,,,,,,,,,,,,,,,,,,,,,
,418,,62762763,74,44,3,13,#¡VALOR!,#¡VALOR!,#¡VALOR!,#¡VALOR!,,,,,,,,,,,,,,,,,,,,,,,,,,,,,,,
,417,,62612613,74,44,3,13,#¡VALOR!,#¡VALOR!,#¡VALOR!,#¡VALOR!,,,,,,,,,,,,,,,,,,,,,,,,,,,,,,,
,416,,62462462,74,44,3,13,#¡VALOR!,#¡VALOR!,#¡VALOR!,#¡VALOR!,,,,,,,,,,,,,,,,,,,,,,,,,,,,,,,
,415,,62312312,74,44,3,12,#¡VALOR!,#¡VALOR!,#¡VALOR!,#¡VALOR!,,,,,,,,,,,,,,,,,,,,,,,,,,,,,,,
,414,,62162162,74,44,3,12,#¡VALOR!,#¡VALOR!,#¡VALOR!,#¡VALOR!,,,,,,,,,,,,,,,,,,,,,,,,,,,,,,,
,413,,62012012,74,44,3,12,#¡VALOR!,#¡VALOR!,#¡VALOR!,#¡VALOR!,,,,,,,,,,,,,,,,,,,,,,,,,,,,,,,
,412,,61861862,74,44,3,12,#¡VALOR!,#¡VALOR!,#¡VALOR!,#¡VALOR!,,,,,,,,,,,,,,,,,,,,,,,,,,,,,,,
,411,,61711712,74,44,3,12,#¡VALOR!,#¡VALOR!,#¡VALOR!,#¡VALOR!,,,,,,,,,,,,,,,,,,,,,,,,,,,,,,,
,410,,61561562,74,44,3,12,#¡VALOR!,#¡VALOR!,#¡VALOR!,#¡VALOR!,,,,,,,,,,,,,,,,,,,,,,,,,,,,,,,
,409,,61411411,74,44,3,12,#¡VALOR!,#¡VALOR!,#¡VALOR!,#¡VALOR!,,,,,,,,,,,,,,,,,,,,,,,,,,,,,,,
,408,,61261261,74,44,3,12,#¡VALOR!,#¡VALOR!,#¡VALOR!,#¡VALOR!,,,,,,,,,,,,,,,,,,,,,,,,,,,,,,,
,407,,61111111,74,44,3,12,#¡VALOR!,#¡VALOR!,#¡VALOR!,#¡VALOR!,,,,,,,,,,,,,,,,,,,,,,,,,,,,,,,
,406,,60960961,74,44,3,12,#¡VALOR!,#¡VALOR!,#¡VALOR!,#¡VALOR!,,,,,,,,,,,,,,,,,,,,,,,,,,,,,,,
,405,,60810811,74,44,3,12,#¡VALOR!,#¡VALOR!,#¡VALOR!,#¡VALOR!,,,,,,,,,,,,,,,,,,,,,,,,,,,,,,,
,404,,60660661,74,44,3,12,#¡VALOR!,#¡VALOR!,#¡VALOR!,#¡VALOR!,,,,,,,,,,,,,,,,,,,,,,,,,,,,,,,
,403,,60510511,74,44,3,12,#¡VALOR!,#¡VALOR!,#¡VALOR!,#¡VALOR!,,,,,,,,,,,,,,,,,,,,,,,,,,,,,,,
,402,,6036036,74,44,3,12,#¡VALOR!,#¡VALOR!,#¡VALOR!,#¡VALOR!,,,,,,,,,,,,,,,,,,,,,,,,,,,,,,,
,401,,6021021,74,44,3,12,#¡VALOR!,#¡VALOR!,#¡VALOR!,#¡VALOR!,,,,,,,,,,,,,,,,,,,,,,,,,,,,,,,
,400,,6006006,74,44,3,12,#¡VALOR!,#¡VALOR!,#¡VALOR!,#¡VALOR!,,,,,,,,,,,,,,,,,,,,,,,,,,,,,,,
,399,,5990991,74,44,3,12,#¡VALOR!,#¡VALOR!,#¡VALOR!,#¡VALOR!,,,,,,,,,,,,,,,,,,,,,,,,,,,,,,,
,398,,5975976,74,44,3,12,#¡VALOR!,#¡VALOR!,#¡VALOR!,#¡VALOR!,,,,,,,,,,,,,,,,,,,,,,,,,,,,,,,
,397,,5960961,74,43,3,12,#¡VALOR!,#¡VALOR!,#¡VALOR!,#¡VALOR!,,,,,,,,,,,,,,,,,,,,,,,,,,,,,,,
,396,,59459459,74,43,3,12,#¡VALOR!,#¡VALOR!,#¡VALOR!,#¡VALOR!,,,,,,,,,,,,,,,,,,,,,,,,,,,,,,,
,395,,59309309,74,43,3,12,#¡VALOR!,#¡VALOR!,#¡VALOR!,#¡VALOR!,,,,,,,,,,,,,,,,,,,,,,,,,,,,,,,
,394,,59159159,74,43,3,12,#¡VALOR!,#¡VALOR!,#¡VALOR!,#¡VALOR!,,,,,,,,,,,,,,,,,,,,,,,,,,,,,,,
,393,,59009009,74,43,3,12,#¡VALOR!,#¡VALOR!,#¡VALOR!,#¡VALOR!,,,,,,,,,,,,,,,,,,,,,,,,,,,,,,,
,392,,58858859,74,43,29,12,#¡VALOR!,#¡VALOR!,#¡VALOR!,#¡VALOR!,,,,,,,,,,,,,,,,,,,,,,,,,,,,,,,
,391,,58708709,74,43,29,12,#¡VALOR!,#¡VALOR!,#¡VALOR!,#¡VALOR!,,,,,,,,,,,,,,,,,,,,,,,,,,,,,,,
,390,,58558559,74,43,29,12,#¡VALOR!,#¡VALOR!,#¡VALOR!,#¡VALOR!,,,,,,,,,,,,,,,,,,,,,,,,,,,,,,,
,389,,58408408,74,43,29,12,#¡VALOR!,#¡VALOR!,#¡VALOR!,#¡VALOR!,,,,,,,,,,,,,,,,,,,,,,,,,,,,,,,
,388,,58258258,74,43,29,12,#¡VALOR!,#¡VALOR!,#¡VALOR!,#¡VALOR!,,,,,,,,,,,,,,,,,,,,,,,,,,,,,,,
,387,,58108108,74,43,29,12,#¡VALOR!,#¡VALOR!,#¡VALOR!,#¡VALOR!,,,,,,,,,,,,,,,,,,,,,,,,,,,,,,,
,386,,57957958,74,43,29,12,#¡VALOR!,#¡VALOR!,#¡VALOR!,#¡VALOR!,,,,,,,,,,,,,,,,,,,,,,,,,,,,,,,
,385,,57807808,74,43,29,12,#¡VALOR!,#¡VALOR!,#¡VALOR!,#¡VALOR!,,,,,,,,,,,,,,,,,,,,,,,,,,,,,,,
,384,,57657658,74,43,29,12,#¡VALOR!,#¡VALOR!,#¡VALOR!,#¡VALOR!,,,,,,,,,,,,,,,,,,,,,,,,,,,,,,,
,383,,57507508,74,43,29,12,#¡VALOR!,#¡VALOR!,#¡VALOR!,#¡VALOR!,,,,,,,,,,,,,,,,,,,,,,,,,,,,,,,
,382,,57357357,74,43,29,12,#¡VALOR!,#¡VALOR!,#¡VALOR!,#¡VALOR!,,,,,,,,,,,,,,,,,,,,,,,,,,,,,,,
,381,,57207207,74,43,29,12,#¡VALOR!,#¡VALOR!,#¡VALOR!,#¡VALOR!,,,,,,,,,,,,,,,,,,,,,,,,,,,,,,,
,380,,57057057,74,43,29,12,#¡VALOR!,#¡VALOR!,#¡VALOR!,#¡VALOR!,,,,,,,,,,,,,,,,,,,,,,,,,,,,,,,
,379,,56906907,74,43,29,12,#¡VALOR!,#¡VALOR!,#¡VALOR!,#¡VALOR!,,,,,,,,,,,,,,,,,,,,,,,,,,,,,,,
,378,,56756757,74,43,29,12,#¡VALOR!,#¡VALOR!,#¡VALOR!,#¡VALOR!,,,,,,,,,,,,,,,,,,,,,,,,,,,,,,,
,377,,56606607,74,43,29,12,#¡VALOR!,#¡VALOR!,#¡VALOR!,#¡VALOR!,,,,,,,,,,,,,,,,,,,,,,,,,,,,,,,
,376,,56456456,74,43,29,12,#¡VALOR!,#¡VALOR!,#¡VALOR!,#¡VALOR!,,,,,,,,,,,,,,,,,,,,,,,,,,,,,,,
,375,,56306306,73,42,29,12,#¡VALOR!,#¡VALOR!,#¡VALOR!,#¡VALOR!,,,,,,,,,,,,,,,,,,,,,,,,,,,,,,,
,374,,56156156,73,42,29,12,#¡VALOR!,#¡VALOR!,#¡VALOR!,#¡VALOR!,,,,,,,,,,,,,,,,,,,,,,,,,,,,,,,
,373,,56006006,73,42,29,12,#¡VALOR!,#¡VALOR!,#¡VALOR!,#¡VALOR!,,,,,,,,,,,,,,,,,,,,,,,,,,,,,,,
,372,,55855856,73,42,29,12,#¡VALOR!,#¡VALOR!,#¡VALOR!,#¡VALOR!,,,,,,,,,,,,,,,,,,,,,,,,,,,,,,,
,371,,55705706,73,42,29,12,#¡VALOR!,#¡VALOR!,#¡VALOR!,#¡VALOR!,,,,,,,,,,,,,,,,,,,,,,,,,,,,,,,
,370,,55555556,73,42,29,12,#¡VALOR!,#¡VALOR!,#¡VALOR!,#¡VALOR!,,,,,,,,,,,,,,,,,,,,,,,,,,,,,,,
,369,,55405405,73,42,29,12,#¡VALOR!,#¡VALOR!,#¡VALOR!,#¡VALOR!,,,,,,,,,,,,,,,,,,,,,,,,,,,,,,,
,368,,55255255,73,42,29,12,#¡VALOR!,#¡VALOR!,#¡VALOR!,#¡VALOR!,,,,,,,,,,,,,,,,,,,,,,,,,,,,,,,
,367,,55105105,73,42,29,12,#¡VALOR!,#¡VALOR!,#¡VALOR!,#¡VALOR!,,,,,,,,,,,,,,,,,,,,,,,,,,,,,,,
,366,,54954955,73,42,29,12,#¡VALOR!,#¡VALOR!,#¡VALOR!,#¡VALOR!,,,,,,,,,,,,,,,,,,,,,,,,,,,,,,,
,365,,54804805,73,42,29,12,#¡VALOR!,#¡VALOR!,#¡VALOR!,#¡VALOR!,,,,,,,,,,,,,,,,,,,,,,,,,,,,,,,
,364,,54654655,73,42,29,12,#¡VALOR!,#¡VALOR!,#¡VALOR!,#¡VALOR!,,,,,,,,,,,,,,,,,,,,,,,,,,,,,,,
,363,,54504505,73,42,28,12,#¡VALOR!,#¡VALOR!,#¡VALOR!,#¡VALOR!,,,,,,,,,,,,,,,,,,,,,,,,,,,,,,,
,362,,54354354,73,42,28,12,#¡VALOR!,#¡VALOR!,#¡VALOR!,#¡VALOR!,,,,,,,,,,,,,,,,,,,,,,,,,,,,,,,
,361,,54204204,73,42,28,12,#¡VALOR!,#¡VALOR!,#¡VALOR!,#¡VALOR!,,,,,,,,,,,,,,,,,,,,,,,,,,,,,,,
,360,,54054054,73,42,28,12,#¡VALOR!,#¡VALOR!,#¡VALOR!,#¡VALOR!,,,,,,,,,,,,,,,,,,,,,,,,,,,,,,,
,359,,53903904,73,42,28,12,#¡VALOR!,#¡VALOR!,#¡VALOR!,#¡VALOR!,,,,,,,,,,,,,,,,,,,,,,,,,,,,,,,
,358,,53753754,73,42,28,12,#¡VALOR!,#¡VALOR!,#¡VALOR!,#¡VALOR!,,,,,,,,,,,,,,,,,,,,,,,,,,,,,,,
,357,,53603604,73,42,28,12,#¡VALOR!,#¡VALOR!,#¡VALOR!,#¡VALOR!,,,,,,,,,,,,,,,,,,,,,,,,,,,,,,,
,356,,53453453,73,42,28,12,#¡VALOR!,#¡VALOR!,#¡VALOR!,#¡VALOR!,,,,,,,,,,,,,,,,,,,,,,,,,,,,,,,
,355,,53303303,73,42,28,12,#¡VALOR!,#¡VALOR!,#¡VALOR!,#¡VALOR!,,,,,,,,,,,,,,,,,,,,,,,,,,,,,,,
,354,,53153153,73,41,28,12,#¡VALOR!,#¡VALOR!,#¡VALOR!,#¡VALOR!,,,,,,,,,,,,,,,,,,,,,,,,,,,,,,,
,353,,53003003,73,41,28,12,#¡VALOR!,#¡VALOR!,#¡VALOR!,#¡VALOR!,,,,,,,,,,,,,,,,,,,,,,,,,,,,,,,
,352,,52852853,73,41,28,12,#¡VALOR!,#¡VALOR!,#¡VALOR!,#¡VALOR!,,,,,,,,,,,,,,,,,,,,,,,,,,,,,,,
,351,,52702703,73,41,28,12,#¡VALOR!,#¡VALOR!,#¡VALOR!,#¡VALOR!,,,,,,,,,,,,,,,,,,,,,,,,,,,,,,,
,350,,52552553,73,41,28,12,#¡VALOR!,#¡VALOR!,#¡VALOR!,#¡VALOR!,,,,,,,,,,,,,,,,,,,,,,,,,,,,,,,
,349,,52402402,73,41,28,12,#¡VALOR!,#¡VALOR!,#¡VALOR!,#¡VALOR!,,,,,,,,,,,,,,,,,,,,,,,,,,,,,,,
,348,,52252252,73,41,28,12,#¡VALOR!,#¡VALOR!,#¡VALOR!,#¡VALOR!,,,,,,,,,,,,,,,,,,,,,,,,,,,,,,,
,347,,52102102,73,41,28,12,#¡VALOR!,#¡VALOR!,#¡VALOR!,#¡VALOR!,,,,,,,,,,,,,,,,,,,,,,,,,,,,,,,
,346,,51951952,73,41,28,12,#¡VALOR!,#¡VALOR!,#¡VALOR!,#¡VALOR!,,,,,,,,,,,,,,,,,,,,,,,,,,,,,,,
,345,,51801802,73,41,28,12,#¡VALOR!,#¡VALOR!,#¡VALOR!,#¡VALOR!,,,,,,,,,,,,,,,,,,,,,,,,,,,,,,,
,344,,51651652,73,41,28,12,#¡VALOR!,#¡VALOR!,#¡VALOR!,#¡VALOR!,,,,,,,,,,,,,,,,,,,,,,,,,,,,,,,
,343,,51501502,73,41,28,12,#¡VALOR!,#¡VALOR!,#¡VALOR!,#¡VALOR!,,,,,,,,,,,,,,,,,,,,,,,,,,,,,,,
,342,,51351351,73,41,28,12,#¡VALOR!,#¡VALOR!,#¡VALOR!,#¡VALOR!,,,,,,,,,,,,,,,,,,,,,,,,,,,,,,,
,341,,51201201,73,41,28,12,#¡VALOR!,#¡VALOR!,#¡VALOR!,#¡VALOR!,,,,,,,,,,,,,,,,,,,,,,,,,,,,,,,
,340,,51051051,73,41,28,12,#¡VALOR!,#¡VALOR!,#¡VALOR!,#¡VALOR!,,,,,,,,,,,,,,,,,,,,,,,,,,,,,,,
,339,,50900901,72,41,28,12,#¡VALOR!,#¡VALOR!,#¡VALOR!,#¡VALOR!,,,,,,,,,,,,,,,,,,,,,,,,,,,,,,,
,338,,50750751,72,41,28,12,#¡VALOR!,#¡VALOR!,#¡VALOR!,#¡VALOR!,,,,,,,,,,,,,,,,,,,,,,,,,,,,,,,
,337,,50600601,72,41,28,12,#¡VALOR!,#¡VALOR!,#¡VALOR!,#¡VALOR!,,,,,,,,,,,,,,,,,,,,,,,,,,,,,,,
,336,,5045045,72,41,27,12,#¡VALOR!,#¡VALOR!,#¡VALOR!,#¡VALOR!,,,,,,,,,,,,,,,,,,,,,,,,,,,,,,,
,335,,503003,72,41,27,12,#¡VALOR!,#¡VALOR!,#¡VALOR!,#¡VALOR!,,,,,,,,,,,,,,,,,,,,,,,,,,,,,,,
,334,,5015015,72,4,27,12,#¡VALOR!,#¡VALOR!,#¡VALOR!,#¡VALOR!,,,,,,,,,,,,,,,,,,,,,,,,,,,,,,,
,333,,500000,72,4,27,12,#¡VALOR!,#¡VALOR!,#¡VALOR!,#¡VALOR!,,,,,,,,,,,,,,,,,,,,,,,,,,,,,,,
,332,,4984985,72,4,27,12,#¡VALOR!,#¡VALOR!,#¡VALOR!,#¡VALOR!,,,,,,,,,,,,,,,,,,,,,,,,,,,,,,,
,331,,496997,72,4,27,12,#¡VALOR!,#¡VALOR!,#¡VALOR!,#¡VALOR!,,,,,,,,,,,,,,,,,,,,,,,,,,,,,,,
,330,,4954955,72,4,27,12,#¡VALOR!,#¡VALOR!,#¡VALOR!,#¡VALOR!,,,,,,,,,,,,,,,,,,,,,,,,,,,,,,,
,329,,49399399,72,4,27,12,#¡VALOR!,#¡VALOR!,#¡VALOR!,#¡VALOR!,,,,,,,,,,,,,,,,,,,,,,,,,,,,,,,
,328,,49249249,72,4,27,12,#¡VALOR!,#¡VALOR!,#¡VALOR!,#¡VALOR!,,,,,,,,,,,,,,,,,,,,,,,,,,,,,,,
,327,,49099099,72,4,27,11,#¡VALOR!,#¡VALOR!,#¡VALOR!,#¡VALOR!,,,,,,,,,,,,,,,,,,,,,,,,,,,,,,,
,326,,48948949,72,4,27,11,#¡VALOR!,#¡VALOR!,#¡VALOR!,#¡VALOR!,,,,,,,,,,,,,,,,,,,,,,,,,,,,,,,
,325,,48798799,72,4,27,11,#¡VALOR!,#¡VALOR!,#¡VALOR!,#¡VALOR!,,,,,,,,,,,,,,,,,,,,,,,,,,,,,,,
,324,,48648649,72,4,27,11,#¡VALOR!,#¡VALOR!,#¡VALOR!,#¡VALOR!,,,,,,,,,,,,,,,,,,,,,,,,,,,,,,,
,323,,48498498,72,4,27,11,#¡VALOR!,#¡VALOR!,#¡VALOR!,#¡VALOR!,,,,,,,,,,,,,,,,,,,,,,,,,,,,,,,
,322,,48348348,72,4,27,11,#¡VALOR!,#¡VALOR!,#¡VALOR!,#¡VALOR!,,,,,,,,,,,,,,,,,,,,,,,,,,,,,,,
,321,,48198198,72,4,27,11,#¡VALOR!,#¡VALOR!,#¡VALOR!,#¡VALOR!,,,,,,,,,,,,,,,,,,,,,,,,,,,,,,,
,320,,48048048,72,4,27,11,#¡VALOR!,#¡VALOR!,#¡VALOR!,#¡VALOR!,,,,,,,,,,,,,,,,,,,,,,,,,,,,,,,
,319,,47897898,72,4,27,11,#¡VALOR!,#¡VALOR!,#¡VALOR!,#¡VALOR!,,,,,,,,,,,,,,,,,,,,,,,,,,,,,,,
,318,,47747748,72,4,27,11,#¡VALOR!,#¡VALOR!,#¡VALOR!,#¡VALOR!,,,,,,,,,,,,,,,,,,,,,,,,,,,,,,,
,317,,47597598,72,4,27,11,#¡VALOR!,#¡VALOR!,#¡VALOR!,#¡VALOR!,,,,,,,,,,,,,,,,,,,,,,,,,,,,,,,
,316,,47447447,72,39,27,11,#¡VALOR!,#¡VALOR!,#¡VALOR!,#¡VALOR!,,,,,,,,,,,,,,,,,,,,,,,,,,,,,,,
,315,,47297297,72,39,27,11,#¡VALOR!,#¡VALOR!,#¡VALOR!,#¡VALOR!,,,,,,,,,,,,,,,,,,,,,,,,,,,,,,,
,314,,47147147,72,39,27,11,#¡VALOR!,#¡VALOR!,#¡VALOR!,#¡VALOR!,,,,,,,,,,,,,,,,,,,,,,,,,,,,,,,
,313,,46996997,72,39,27,11,#¡VALOR!,#¡VALOR!,#¡VALOR!,#¡VALOR!,,,,,,,,,,,,,,,,,,,,,,,,,,,,,,,
,312,,46846847,72,39,26,11,#¡VALOR!,#¡VALOR!,#¡VALOR!,#¡VALOR!,,,,,,,,,,,,,,,,,,,,,,,,,,,,,,,
,311,,46696697,72,39,26,11,#¡VALOR!,#¡VALOR!,#¡VALOR!,#¡VALOR!,,,,,,,,,,,,,,,,,,,,,,,,,,,,,,,
,310,,46546547,72,39,26,11,#¡VALOR!,#¡VALOR!,#¡VALOR!,#¡VALOR!,,,,,,,,,,,,,,,,,,,,,,,,,,,,,,,
,309,,46396396,72,39,26,11,#¡VALOR!,#¡VALOR!,#¡VALOR!,#¡VALOR!,,,,,,,,,,,,,,,,,,,,,,,,,,,,,,,
,308,,46246246,71,39,26,11,#¡VALOR!,#¡VALOR!,#¡VALOR!,#¡VALOR!,,,,,,,,,,,,,,,,,,,,,,,,,,,,,,,
,307,,46096096,71,39,26,11,#¡VALOR!,#¡VALOR!,#¡VALOR!,#¡VALOR!,,,,,,,,,,,,,,,,,,,,,,,,,,,,,,,
,306,,45945946,71,39,26,11,#¡VALOR!,#¡VALOR!,#¡VALOR!,#¡VALOR!,,,,,,,,,,,,,,,,,,,,,,,,,,,,,,,
,305,,45795796,71,39,26,11,#¡VALOR!,#¡VALOR!,#¡VALOR!,#¡VALOR!,,,,,,,,,,,,,,,,,,,,,,,,,,,,,,,
,304,,45645646,71,39,26,11,#¡VALOR!,#¡VALOR!,#¡VALOR!,#¡VALOR!,,,,,,,,,,,,,,,,,,,,,,,,,,,,,,,
,303,,45495495,71,39,26,11,#¡VALOR!,#¡VALOR!,#¡VALOR!,#¡VALOR!,,,,,,,,,,,,,,,,,,,,,,,,,,,,,,,
,302,,45345345,71,39,26,11,#¡VALOR!,#¡VALOR!,#¡VALOR!,#¡VALOR!,,,,,,,,,,,,,,,,,,,,,,,,,,,,,,,
,301,,45195195,71,39,26,11,#¡VALOR!,#¡VALOR!,#¡VALOR!,#¡VALOR!,,,,,,,,,,,,,,,,,,,,,,,,,,,,,,,
,300,,45045045,71,39,26,11,#¡VALOR!,#¡VALOR!,#¡VALOR!,#¡VALOR!,,,,,,,,,,,,,,,,,,,,,,,,,,,,,,,
,299,,44894895,71,38,26,11,#¡VALOR!,#¡VALOR!,#¡VALOR!,#¡VALOR!,,,,,,,,,,,,,,,,,,,,,,,,,,,,,,,
,298,,44744745,71,38,26,11,#¡VALOR!,#¡VALOR!,#¡VALOR!,#¡VALOR!,,,,,,,,,,,,,,,,,,,,,,,,,,,,,,,
,297,,44594595,71,38,26,11,#¡VALOR!,#¡VALOR!,#¡VALOR!,#¡VALOR!,,,,,,,,,,,,,,,,,,,,,,,,,,,,,,,
,296,,44444444,71,38,26,11,#¡VALOR!,#¡VALOR!,#¡VALOR!,#¡VALOR!,,,,,,,,,,,,,,,,,,,,,,,,,,,,,,,
,295,,44294294,71,38,26,11,#¡VALOR!,#¡VALOR!,#¡VALOR!,#¡VALOR!,,,,,,,,,,,,,,,,,,,,,,,,,,,,,,,
,294,,44144144,71,38,26,11,#¡VALOR!,#¡VALOR!,#¡VALOR!,#¡VALOR!,,,,,,,,,,,,,,,,,,,,,,,,,,,,,,,
,293,,43993994,71,38,26,11,#¡VALOR!,#¡VALOR!,#¡VALOR!,#¡VALOR!,,,,,,,,,,,,,,,,,,,,,,,,,,,,,,,
,292,,43843844,71,38,26,11,#¡VALOR!,#¡VALOR!,#¡VALOR!,#¡VALOR!,,,,,,,,,,,,,,,,,,,,,,,,,,,,,,,
,291,,43693694,71,38,26,11,#¡VALOR!,#¡VALOR!,#¡VALOR!,#¡VALOR!,,,,,,,,,,,,,,,,,,,,,,,,,,,,,,,
,290,,43543544,71,38,25,11,#¡VALOR!,#¡VALOR!,#¡VALOR!,#¡VALOR!,,,,,,,,,,,,,,,,,,,,,,,,,,,,,,,
,289,,43393393,71,38,25,11,#¡VALOR!,#¡VALOR!,#¡VALOR!,#¡VALOR!,,,,,,,,,,,,,,,,,,,,,,,,,,,,,,,
,288,,43243243,71,38,25,11,#¡VALOR!,#¡VALOR!,#¡VALOR!,#¡VALOR!,,,,,,,,,,,,,,,,,,,,,,,,,,,,,,,
,287,,43093093,71,38,25,11,#¡VALOR!,#¡VALOR!,#¡VALOR!,#¡VALOR!,,,,,,,,,,,,,,,,,,,,,,,,,,,,,,,
,286,,42942943,71,38,25,11,#¡VALOR!,#¡VALOR!,#¡VALOR!,#¡VALOR!,,,,,,,,,,,,,,,,,,,,,,,,,,,,,,,
,285,,42792793,71,38,25,11,#¡VALOR!,#¡VALOR!,#¡VALOR!,#¡VALOR!,,,,,,,,,,,,,,,,,,,,,,,,,,,,,,,
,284,,42642643,71,38,25,11,#¡VALOR!,#¡VALOR!,#¡VALOR!,#¡VALOR!,,,,,,,,,,,,,,,,,,,,,,,,,,,,,,,
,283,,42492492,71,37,25,11,#¡VALOR!,#¡VALOR!,#¡VALOR!,#¡VALOR!,,,,,,,,,,,,,,,,,,,,,,,,,,,,,,,
,282,,42342342,7,37,25,11,#¡VALOR!,#¡VALOR!,#¡VALOR!,#¡VALOR!,,,,,,,,,,,,,,,,,,,,,,,,,,,,,,,
,281,,42192192,7,37,25,11,#¡VALOR!,#¡VALOR!,#¡VALOR!,#¡VALOR!,,,,,,,,,,,,,,,,,,,,,,,,,,,,,,,
,280,,42042042,7,37,25,11,#¡VALOR!,#¡VALOR!,#¡VALOR!,#¡VALOR!,,,,,,,,,,,,,,,,,,,,,,,,,,,,,,,
,279,,41891892,7,37,25,11,#¡VALOR!,#¡VALOR!,#¡VALOR!,#¡VALOR!,,,,,,,,,,,,,,,,,,,,,,,,,,,,,,,
,278,,41741742,7,37,25,11,#¡VALOR!,#¡VALOR!,#¡VALOR!,#¡VALOR!,,,,,,,,,,,,,,,,,,,,,,,,,,,,,,,
,277,,41591592,7,37,25,11,#¡VALOR!,#¡VALOR!,#¡VALOR!,#¡VALOR!,,,,,,,,,,,,,,,,,,,,,,,,,,,,,,,
,276,,41441441,7,37,25,11,#¡VALOR!,#¡VALOR!,#¡VALOR!,#¡VALOR!,,,,,,,,,,,,,,,,,,,,,,,,,,,,,,,
,275,,41291291,7,37,25,11,#¡VALOR!,#¡VALOR!,#¡VALOR!,#¡VALOR!,,,,,,,,,,,,,,,,,,,,,,,,,,,,,,,
,274,,41141141,7,37,25,11,#¡VALOR!,#¡VALOR!,#¡VALOR!,#¡VALOR!,,,,,,,,,,,,,,,,,,,,,,,,,,,,,,,
,273,,40990991,7,37,25,11,#¡VALOR!,#¡VALOR!,#¡VALOR!,#¡VALOR!,,,,,,,,,,,,,,,,,,,,,,,,,,,,,,,
,272,,40840841,7,37,25,11,#¡VALOR!,#¡VALOR!,#¡VALOR!,#¡VALOR!,,,,,,,,,,,,,,,,,,,,,,,,,,,,,,,
,271,,40690691,7,37,25,11,#¡VALOR!,#¡VALOR!,#¡VALOR!,#¡VALOR!,,,,,,,,,,,,,,,,,,,,,,,,,,,,,,,
,270,,40540541,7,37,24,11,#¡VALOR!,#¡VALOR!,#¡VALOR!,#¡VALOR!,,,,,,,,,,,,,,,,,,,,,,,,,,,,,,,
,269,,4039039,7,37,24,11,#¡VALOR!,#¡VALOR!,#¡VALOR!,#¡VALOR!,,,,,,,,,,,,,,,,,,,,,,,,,,,,,,,
,268,,4024024,7,37,24,11,#¡VALOR!,#¡VALOR!,#¡VALOR!,#¡VALOR!,,,,,,,,,,,,,,,,,,,,,,,,,,,,,,,
,267,,4009009,7,36,24,11,#¡VALOR!,#¡VALOR!,#¡VALOR!,#¡VALOR!,,,,,,,,,,,,,,,,,,,,,,,,,,,,,,,
,266,,3993994,7,36,24,11,#¡VALOR!,#¡VALOR!,#¡VALOR!,#¡VALOR!,,,,,,,,,,,,,,,,,,,,,,,,,,,,,,,
,265,,3978979,7,36,24,11,#¡VALOR!,#¡VALOR!,#¡VALOR!,#¡VALOR!,,,,,,,,,,,,,,,,,,,,,,,,,,,,,,,
,264,,3963964,7,36,24,11,#¡VALOR!,#¡VALOR!,#¡VALOR!,#¡VALOR!,,,,,,,,,,,,,,,,,,,,,,,,,,,,,,,
,263,,39489489,7,36,24,11,#¡VALOR!,#¡VALOR!,#¡VALOR!,#¡VALOR!,,,,,,,,,,,,,,,,,,,,,,,,,,,,,,,
,262,,39339339,7,36,24,11,#¡VALOR!,#¡VALOR!,#¡VALOR!,#¡VALOR!,,,,,,,,,,,,,,,,,,,,,,,,,,,,,,,
,261,,39189189,7,36,24,11,#¡VALOR!,#¡VALOR!,#¡VALOR!,#¡VALOR!,,,,,,,,,,,,,,,,,,,,,,,,,,,,,,,
,260,,39039039,7,36,24,1,#¡VALOR!,#¡VALOR!,#¡VALOR!,#¡VALOR!,,,,,,,,,,,,,,,,,,,,,,,,,,,,,,,
,259,,38888889,69,36,24,1,#¡VALOR!,#¡VALOR!,#¡VALOR!,#¡VALOR!,,,,,,,,,,,,,,,,,,,,,,,,,,,,,,,
,258,,38738739,69,36,24,1,#¡VALOR!,#¡VALOR!,#¡VALOR!,#¡VALOR!,,,,,,,,,,,,,,,,,,,,,,,,,,,,,,,
,257,,38588589,69,36,24,1,#¡VALOR!,#¡VALOR!,#¡VALOR!,#¡VALOR!,,,,,,,,,,,,,,,,,,,,,,,,,,,,,,,
,256,,38438438,69,36,24,1,#¡VALOR!,#¡VALOR!,#¡VALOR!,#¡VALOR!,,,,,,,,,,,,,,,,,,,,,,,,,,,,,,,
,255,,38288288,69,36,24,1,#¡VALOR!,#¡VALOR!,#¡VALOR!,#¡VALOR!,,,,,,,,,,,,,,,,,,,,,,,,,,,,,,,
,254,,38138138,69,36,24,1,#¡VALOR!,#¡VALOR!,#¡VALOR!,#¡VALOR!,,,,,,,,,,,,,,,,,,,,,,,,,,,,,,,
,253,,37987988,69,35,24,1,#¡VALOR!,#¡VALOR!,#¡VALOR!,#¡VALOR!,,,,,,,,,,,,,,,,,,,,,,,,,,,,,,,
,252,,37837838,69,35,24,1,#¡VALOR!,#¡VALOR!,#¡VALOR!,#¡VALOR!,,,,,,,,,,,,,,,,,,,,,,,,,,,,,,,
,251,,37687688,69,35,23,1,#¡VALOR!,#¡VALOR!,#¡VALOR!,#¡VALOR!,,,,,,,,,,,,,,,,,,,,,,,,,,,,,,,
,250,,37537538,69,35,23,1,#¡VALOR!,#¡VALOR!,#¡VALOR!,#¡VALOR!,,,,,,,,,,,,,,,,,,,,,,,,,,,,,,,
,249,,37387387,69,35,23,1,#¡VALOR!,#¡VALOR!,#¡VALOR!,#¡VALOR!,,,,,,,,,,,,,,,,,,,,,,,,,,,,,,,
,248,,37237237,69,35,23,1,#¡VALOR!,#¡VALOR!,#¡VALOR!,#¡VALOR!,,,,,,,,,,,,,,,,,,,,,,,,,,,,,,,
,247,,37087087,69,35,23,1,#¡VALOR!,#¡VALOR!,#¡VALOR!,#¡VALOR!,,,,,,,,,,,,,,,,,,,,,,,,,,,,,,,
,246,,36936937,69,35,23,1,#¡VALOR!,#¡VALOR!,#¡VALOR!,#¡VALOR!,,,,,,,,,,,,,,,,,,,,,,,,,,,,,,,
,245,,36786787,69,35,23,1,#¡VALOR!,#¡VALOR!,#¡VALOR!,#¡VALOR!,,,,,,,,,,,,,,,,,,,,,,,,,,,,,,,
,244,,36636637,69,35,23,1,#¡VALOR!,#¡VALOR!,#¡VALOR!,#¡VALOR!,,,,,,,,,,,,,,,,,,,,,,,,,,,,,,,
,243,,36486486,69,35,23,1,#¡VALOR!,#¡VALOR!,#¡VALOR!,#¡VALOR!,,,,,,,,,,,,,,,,,,,,,,,,,,,,,,,
,242,,36336336,69,35,23,1,#¡VALOR!,#¡VALOR!,#¡VALOR!,#¡VALOR!,,,,,,,,,,,,,,,,,,,,,,,,,,,,,,,
,241,,36186186,69,35,23,1,#¡VALOR!,#¡VALOR!,#¡VALOR!,#¡VALOR!,,,,,,,,,,,,,,,,,,,,,,,,,,,,,,,
,240,,36036036,69,35,23,1,#¡VALOR!,#¡VALOR!,#¡VALOR!,#¡VALOR!,,,,,,,,,,,,,,,,,,,,,,,,,,,,,,,
,239,,35885886,69,34,23,1,#¡VALOR!,#¡VALOR!,#¡VALOR!,#¡VALOR!,,,,,,,,,,,,,,,,,,,,,,,,,,,,,,,
,238,,35735736,68,34,23,1,#¡VALOR!,#¡VALOR!,#¡VALOR!,#¡VALOR!,,,,,,,,,,,,,,,,,,,,,,,,,,,,,,,
,237,,35585586,68,34,23,1,#¡VALOR!,#¡VALOR!,#¡VALOR!,#¡VALOR!,,,,,,,,,,,,,,,,,,,,,,,,,,,,,,,
,236,,35435435,68,34,23,1,#¡VALOR!,#¡VALOR!,#¡VALOR!,#¡VALOR!,,,,,,,,,,,,,,,,,,,,,,,,,,,,,,,
,235,,35285285,68,34,23,1,#¡VALOR!,#¡VALOR!,#¡VALOR!,#¡VALOR!,,,,,,,,,,,,,,,,,,,,,,,,,,,,,,,
,234,,35135135,68,34,23,1,#¡VALOR!,#¡VALOR!,#¡VALOR!,#¡VALOR!,,,,,,,,,,,,,,,,,,,,,,,,,,,,,,,
,233,,34984985,68,34,22,1,#¡VALOR!,#¡VALOR!,#¡VALOR!,#¡VALOR!,,,,,,,,,,,,,,,,,,,,,,,,,,,,,,,
,232,,34834835,68,34,22,1,#¡VALOR!,#¡VALOR!,#¡VALOR!,#¡VALOR!,,,,,,,,,,,,,,,,,,,,,,,,,,,,,,,
,231,,34684685,68,34,22,1,#¡VALOR!,#¡VALOR!,#¡VALOR!,#¡VALOR!,,,,,,,,,,,,,,,,,,,,,,,,,,,,,,,
,230,,34534535,68,34,22,1,#¡VALOR!,#¡VALOR!,#¡VALOR!,#¡VALOR!,,,,,,,,,,,,,,,,,,,,,,,,,,,,,,,
,229,,34384384,68,34,22,1,#¡VALOR!,#¡VALOR!,#¡VALOR!,#¡VALOR!,,,,,,,,,,,,,,,,,,,,,,,,,,,,,,,
,228,,34234234,68,34,22,1,#¡VALOR!,#¡VALOR!,#¡VALOR!,#¡VALOR!,,,,,,,,,,,,,,,,,,,,,,,,,,,,,,,
,227,,34084084,68,34,22,1,#¡VALOR!,#¡VALOR!,#¡VALOR!,#¡VALOR!,,,,,,,,,,,,,,,,,,,,,,,,,,,,,,,
,226,,33933934,68,33,22,1,#¡VALOR!,#¡VALOR!,#¡VALOR!,#¡VALOR!,,,,,,,,,,,,,,,,,,,,,,,,,,,,,,,
,225,,33783784,68,33,22,1,#¡VALOR!,#¡VALOR!,#¡VALOR!,#¡VALOR!,,,,,,,,,,,,,,,,,,,,,,,,,,,,,,,
,224,,33633634,68,33,22,1,#¡VALOR!,#¡VALOR!,#¡VALOR!,#¡VALOR!,,,,,,,,,,,,,,,,,,,,,,,,,,,,,,,
,223,,33483483,68,33,22,1,#¡VALOR!,#¡VALOR!,#¡VALOR!,#¡VALOR!,,,,,,,,,,,,,,,,,,,,,,,,,,,,,,,
,222,,33333333,68,33,22,1,#¡VALOR!,#¡VALOR!,#¡VALOR!,#¡VALOR!,,,,,,,,,,,,,,,,,,,,,,,,,,,,,,,
,221,,33183183,68,33,22,1,#¡VALOR!,#¡VALOR!,#¡VALOR!,#¡VALOR!,,,,,,,,,,,,,,,,,,,,,,,,,,,,,,,
,220,,33033033,67,33,22,1,#¡VALOR!,#¡VALOR!,#¡VALOR!,#¡VALOR!,,,,,,,,,,,,,,,,,,,,,,,,,,,,,,,
,219,,32882883,67,33,22,1,#¡VALOR!,#¡VALOR!,#¡VALOR!,#¡VALOR!,,,,,,,,,,,,,,,,,,,,,,,,,,,,,,,
,218,,32732733,67,33,22,1,#¡VALOR!,#¡VALOR!,#¡VALOR!,#¡VALOR!,,,,,,,,,,,,,,,,,,,,,,,,,,,,,,,
,217,,32582583,67,33,21,1,#¡VALOR!,#¡VALOR!,#¡VALOR!,#¡VALOR!,,,,,,,,,,,,,,,,,,,,,,,,,,,,,,,
,216,,32432432,67,33,21,1,#¡VALOR!,#¡VALOR!,#¡VALOR!,#¡VALOR!,,,,,,,,,,,,,,,,,,,,,,,,,,,,,,,
,215,,32282282,67,33,21,1,#¡VALOR!,#¡VALOR!,#¡VALOR!,#¡VALOR!,,,,,,,,,,,,,,,,,,,,,,,,,,,,,,,
,214,,32132132,67,32,21,1,#¡VALOR!,#¡VALOR!,#¡VALOR!,#¡VALOR!,,,,,,,,,,,,,,,,,,,,,,,,,,,,,,,
,213,,31981982,67,32,21,1,#¡VALOR!,#¡VALOR!,#¡VALOR!,#¡VALOR!,,,,,,,,,,,,,,,,,,,,,,,,,,,,,,,
,212,,31831832,67,32,21,1,#¡VALOR!,#¡VALOR!,#¡VALOR!,#¡VALOR!,,,,,,,,,,,,,,,,,,,,,,,,,,,,,,,
,211,,31681682,67,32,21,1,#¡VALOR!,#¡VALOR!,#¡VALOR!,#¡VALOR!,,,,,,,,,,,,,,,,,,,,,,,,,,,,,,,
,210,,31531532,67,32,21,1,#¡VALOR!,#¡VALOR!,#¡VALOR!,#¡VALOR!,,,,,,,,,,,,,,,,,,,,,,,,,,,,,,,
,209,,31381381,67,32,21,1,#¡VALOR!,#¡VALOR!,#¡VALOR!,#¡VALOR!,,,,,,,,,,,,,,,,,,,,,,,,,,,,,,,
,208,,31231231,67,32,21,9,#¡VALOR!,#¡VALOR!,#¡VALOR!,#¡VALOR!,,,,,,,,,,,,,,,,,,,,,,,,,,,,,,,
,207,,31081081,67,32,21,9,#¡VALOR!,#¡VALOR!,#¡VALOR!,#¡VALOR!,,,,,,,,,,,,,,,,,,,,,,,,,,,,,,,
,206,,30930931,67,32,21,9,#¡VALOR!,#¡VALOR!,#¡VALOR!,#¡VALOR!,,,,,,,,,,,,,,,,,,,,,,,,,,,,,,,
,205,,30780781,67,32,21,9,#¡VALOR!,#¡VALOR!,#¡VALOR!,#¡VALOR!,,,,,,,,,,,,,,,,,,,,,,,,,,,,,,,
,204,,30630631,66,32,21,9,#¡VALOR!,#¡VALOR!,#¡VALOR!,#¡VALOR!,,,,,,,,,,,,,,,,,,,,,,,,,,,,,,,
,203,,3048048,66,32,21,9,#¡VALOR!,#¡VALOR!,#¡VALOR!,#¡VALOR!,,,,,,,,,,,,,,,,,,,,,,,,,,,,,,,
,202,,3033033,66,31,2,9,#¡VALOR!,#¡VALOR!,#¡VALOR!,#¡VALOR!,,,,,,,,,,,,,,,,,,,,,,,,,,,,,,,
,201,,3018018,66,31,2,9,#¡VALOR!,#¡VALOR!,#¡VALOR!,#¡VALOR!,,,,,,,,,,,,,,,,,,,,,,,,,,,,,,,
,200,,3003003,66,31,2,9,#¡VALOR!,#¡VALOR!,#¡VALOR!,#¡VALOR!,,,,,,,,,,,,,,,,,,,,,,,,,,,,,,,
,199,,2987988,66,31,2,9,#¡VALOR!,#¡VALOR!,#¡VALOR!,#¡VALOR!,,,,,,,,,,,,,,,,,,,,,,,,,,,,,,,
,198,,2972973,66,31,2,9,#¡VALOR!,#¡VALOR!,#¡VALOR!,#¡VALOR!,,,,,,,,,,,,,,,,,,,,,,,,,,,,,,,
,197,,2957958,66,31,2,9,#¡VALOR!,#¡VALOR!,#¡VALOR!,#¡VALOR!,,,,,,,,,,,,,,,,,,,,,,,,,,,,,,,
,196,,29429429,66,31,2,9,#¡VALOR!,#¡VALOR!,#¡VALOR!,#¡VALOR!,,,,,,,,,,,,,,,,,,,,,,,,,,,,,,,
,195,,29279279,66,31,2,9,#¡VALOR!,#¡VALOR!,#¡VALOR!,#¡VALOR!,,,,,,,,,,,,,,,,,,,,,,,,,,,,,,,
,194,,29129129,66,31,2,9,#¡VALOR!,#¡VALOR!,#¡VALOR!,#¡VALOR!,,,,,,,,,,,,,,,,,,,,,,,,,,,,,,,
,193,,28978979,66,31,2,9,#¡VALOR!,#¡VALOR!,#¡VALOR!,#¡VALOR!,,,,,,,,,,,,,,,,,,,,,,,,,,,,,,,
,192,,28828829,66,31,2,9,#¡VALOR!,#¡VALOR!,#¡VALOR!,#¡VALOR!,,,,,,,,,,,,,,,,,,,,,,,,,,,,,,,
,191,,28678679,66,3,2,9,#¡VALOR!,#¡VALOR!,#¡VALOR!,#¡VALOR!,,,,,,,,,,,,,,,,,,,,,,,,,,,,,,,
,190,,28528529,65,3,2,9,#¡VALOR!,#¡VALOR!,#¡VALOR!,#¡VALOR!,,,,,,,,,,,,,,,,,,,,,,,,,,,,,,,
,189,,28378378,65,3,2,9,#¡VALOR!,#¡VALOR!,#¡VALOR!,#¡VALOR!,,,,,,,,,,,,,,,,,,,,,,,,,,,,,,,
,188,,28228228,65,3,2,9,#¡VALOR!,#¡VALOR!,#¡VALOR!,#¡VALOR!,,,,,,,,,,,,,,,,,,,,,,,,,,,,,,,
,187,,28078078,65,3,19,9,#¡VALOR!,#¡VALOR!,#¡VALOR!,#¡VALOR!,,,,,,,,,,,,,,,,,,,,,,,,,,,,,,,
,186,,27927928,65,3,19,9,#¡VALOR!,#¡VALOR!,#¡VALOR!,#¡VALOR!,,,,,,,,,,,,,,,,,,,,,,,,,,,,,,,
,185,,27777778,65,3,19,9,#¡VALOR!,#¡VALOR!,#¡VALOR!,#¡VALOR!,,,,,,,,,,,,,,,,,,,,,,,,,,,,,,,
,184,,27627628,65,3,19,9,#¡VALOR!,#¡VALOR!,#¡VALOR!,#¡VALOR!,,,,,,,,,,,,,,,,,,,,,,,,,,,,,,,
,183,,27477477,65,3,19,9,#¡VALOR!,#¡VALOR!,#¡VALOR!,#¡VALOR!,,,,,,,,,,,,,,,,,,,,,,,,,,,,,,,
,182,,27327327,65,3,19,9,#¡VALOR!,#¡VALOR!,#¡VALOR!,#¡VALOR!,,,,,,,,,,,,,,,,,,,,,,,,,,,,,,,
,181,,27177177,65,3,19,9,#¡VALOR!,#¡VALOR!,#¡VALOR!,#¡VALOR!,,,,,,,,,,,,,,,,,,,,,,,,,,,,,,,
,180,,27027027,65,29,19,9,#¡VALOR!,#¡VALOR!,#¡VALOR!,#¡VALOR!,,,,,,,,,,,,,,,,,,,,,,,,,,,,,,,
,179,,26876877,65,29,19,9,#¡VALOR!,#¡VALOR!,#¡VALOR!,#¡VALOR!,,,,,,,,,,,,,,,,,,,,,,,,,,,,,,,
,178,,26726727,65,29,19,9,#¡VALOR!,#¡VALOR!,#¡VALOR!,#¡VALOR!,,,,,,,,,,,,,,,,,,,,,,,,,,,,,,,
,177,,26576577,64,29,19,9,#¡VALOR!,#¡VALOR!,#¡VALOR!,#¡VALOR!,,,,,,,,,,,,,,,,,,,,,,,,,,,,,,,
,176,,26426426,64,29,19,9,#¡VALOR!,#¡VALOR!,#¡VALOR!,#¡VALOR!,,,,,,,,,,,,,,,,,,,,,,,,,,,,,,,
,175,,26276276,64,29,19,9,#¡VALOR!,#¡VALOR!,#¡VALOR!,#¡VALOR!,,,,,,,,,,,,,,,,,,,,,,,,,,,,,,,
,174,,26126126,64,29,18,9,#¡VALOR!,#¡VALOR!,#¡VALOR!,#¡VALOR!,,,,,,,,,,,,,,,,,,,,,,,,,,,,,,,
,173,,25975976,64,29,18,9,#¡VALOR!,#¡VALOR!,#¡VALOR!,#¡VALOR!,,,,,,,,,,,,,,,,,,,,,,,,,,,,,,,
,172,,25825826,64,29,18,9,#¡VALOR!,#¡VALOR!,#¡VALOR!,#¡VALOR!,,,,,,,,,,,,,,,,,,,,,,,,,,,,,,,
,171,,25675676,64,29,18,9,#¡VALOR!,#¡VALOR!,#¡VALOR!,#¡VALOR!,,,,,,,,,,,,,,,,,,,,,,,,,,,,,,,
,170,,25525526,64,28,18,9,#¡VALOR!,#¡VALOR!,#¡VALOR!,#¡VALOR!,,,,,,,,,,,,,,,,,,,,,,,,,,,,,,,
,169,,25375375,64,28,18,9,#¡VALOR!,#¡VALOR!,#¡VALOR!,#¡VALOR!,,,,,,,,,,,,,,,,,,,,,,,,,,,,,,,
,168,,25225225,64,28,18,9,#¡VALOR!,#¡VALOR!,#¡VALOR!,#¡VALOR!,,,,,,,,,,,,,,,,,,,,,,,,,,,,,,,
,167,,25075075,64,28,18,8,#¡VALOR!,#¡VALOR!,#¡VALOR!,#¡VALOR!,,,,,,,,,,,,,,,,,,,,,,,,,,,,,,,
,166,,24924925,63,28,18,8,#¡VALOR!,#¡VALOR!,#¡VALOR!,#¡VALOR!,,,,,,,,,,,,,,,,,,,,,,,,,,,,,,,
,165,,24774775,63,28,18,8,#¡VALOR!,#¡VALOR!,#¡VALOR!,#¡VALOR!,,,,,,,,,,,,,,,,,,,,,,,,,,,,,,,
,164,,24624625,63,28,18,8,#¡VALOR!,#¡VALOR!,#¡VALOR!,#¡VALOR!,,,,,,,,,,,,,,,,,,,,,,,,,,,,,,,
,163,,24474474,63,28,18,8,#¡VALOR!,#¡VALOR!,#¡VALOR!,#¡VALOR!,,,,,,,,,,,,,,,,,,,,,,,,,,,,,,,
,162,,24324324,63,28,18,8,#¡VALOR!,#¡VALOR!,#¡VALOR!,#¡VALOR!,,,,,,,,,,,,,,,,,,,,,,,,,,,,,,,
,161,,24174174,63,27,17,8,#¡VALOR!,#¡VALOR!,#¡VALOR!,#¡VALOR!,,,,,,,,,,,,,,,,,,,,,,,,,,,,,,,
,160,,24024024,63,27,17,8,#¡VALOR!,#¡VALOR!,#¡VALOR!,#¡VALOR!,,,,,,,,,,,,,,,,,,,,,,,,,,,,,,,
,159,,23873874,63,27,17,8,#¡VALOR!,#¡VALOR!,#¡VALOR!,#¡VALOR!,,,,,,,,,,,,,,,,,,,,,,,,,,,,,,,
,158,,23723724,63,27,17,8,#¡VALOR!,#¡VALOR!,#¡VALOR!,#¡VALOR!,,,,,,,,,,,,,,,,,,,,,,,,,,,,,,,
,157,,23573574,63,27,17,8,#¡VALOR!,#¡VALOR!,#¡VALOR!,#¡VALOR!,,,,,,,,,,,,,,,,,,,,,,,,,,,,,,,
,156,,23423423,63,27,17,8,#¡VALOR!,#¡VALOR!,#¡VALOR!,#¡VALOR!,,,,,,,,,,,,,,,,,,,,,,,,,,,,,,,
,155,,23273273,62,27,17,8,#¡VALOR!,#¡VALOR!,#¡VALOR!,#¡VALOR!,,,,,,,,,,,,,,,,,,,,,,,,,,,,,,,
,154,,23123123,62,27,17,8,#¡VALOR!,#¡VALOR!,#¡VALOR!,#¡VALOR!,,,,,,,,,,,,,,,,,,,,,,,,,,,,,,,
,153,,22972973,62,27,17,8,#¡VALOR!,#¡VALOR!,#¡VALOR!,#¡VALOR!,,,,,,,,,,,,,,,,,,,,,,,,,,,,,,,
,152,,22822823,62,27,17,8,#¡VALOR!,#¡VALOR!,#¡VALOR!,#¡VALOR!,,,,,,,,,,,,,,,,,,,,,,,,,,,,,,,
,151,,22672673,62,26,17,8,#¡VALOR!,#¡VALOR!,#¡VALOR!,#¡VALOR!,,,,,,,,,,,,,,,,,,,,,,,,,,,,,,,
,150,,22522523,62,26,17,8,#¡VALOR!,#¡VALOR!,#¡VALOR!,#¡VALOR!,,,,,,,,,,,,,,,,,,,,,,,,,,,,,,,
,149,,22372372,62,26,16,8,#¡VALOR!,#¡VALOR!,#¡VALOR!,#¡VALOR!,,,,,,,,,,,,,,,,,,,,,,,,,,,,,,,
,148,,22222222,62,26,16,8,#¡VALOR!,#¡VALOR!,#¡VALOR!,#¡VALOR!,,,,,,,,,,,,,,,,,,,,,,,,,,,,,,,
,147,,22072072,62,26,16,8,#¡VALOR!,#¡VALOR!,#¡VALOR!,#¡VALOR!,,,,,,,,,,,,,,,,,,,,,,,,,,,,,,,
,146,,21921922,62,26,16,8,#¡VALOR!,#¡VALOR!,#¡VALOR!,#¡VALOR!,,,,,,,,,,,,,,,,,,,,,,,,,,,,,,,
,145,,21771772,61,26,16,8,#¡VALOR!,#¡VALOR!,#¡VALOR!,#¡VALOR!,,,,,,,,,,,,,,,,,,,,,,,,,,,,,,,
,144,,21621622,61,26,16,8,#¡VALOR!,#¡VALOR!,#¡VALOR!,#¡VALOR!,,,,,,,,,,,,,,,,,,,,,,,,,,,,,,,
,143,,21471471,61,26,16,8,#¡VALOR!,#¡VALOR!,#¡VALOR!,#¡VALOR!,,,,,,,,,,,,,,,,,,,,,,,,,,,,,,,
,142,,21321321,61,25,16,8,#¡VALOR!,#¡VALOR!,#¡VALOR!,#¡VALOR!,,,,,,,,,,,,,,,,,,,,,,,,,,,,,,,
,141,,21171171,61,25,16,8,#¡VALOR!,#¡VALOR!,#¡VALOR!,#¡VALOR!,,,,,,,,,,,,,,,,,,,,,,,,,,,,,,,
,140,,21021021,61,25,16,8,#¡VALOR!,#¡VALOR!,#¡VALOR!,#¡VALOR!,,,,,,,,,,,,,,,,,,,,,,,,,,,,,,,
,139,,20870871,61,25,16,8,#¡VALOR!,#¡VALOR!,#¡VALOR!,#¡VALOR!,,,,,,,,,,,,,,,,,,,,,,,,,,,,,,,
,138,,20720721,61,25,16,8,#¡VALOR!,#¡VALOR!,#¡VALOR!,#¡VALOR!,,,,,,,,,,,,,,,,,,,,,,,,,,,,,,,
,137,,20570571,6,25,15,8,#¡VALOR!,#¡VALOR!,#¡VALOR!,#¡VALOR!,,,,,,,,,,,,,,,,,,,,,,,,,,,,,,,
,136,,2042042,6,25,15,8,#¡VALOR!,#¡VALOR!,#¡VALOR!,#¡VALOR!,,,,,,,,,,,,,,,,,,,,,,,,,,,,,,,
,135,,2027027,6,25,15,8,#¡VALOR!,#¡VALOR!,#¡VALOR!,#¡VALOR!,,,,,,,,,,,,,,,,,,,,,,,,,,,,,,,
,134,,2012012,6,24,15,8,#¡VALOR!,#¡VALOR!,#¡VALOR!,#¡VALOR!,,,,,,,,,,,,,,,,,,,,,,,,,,,,,,,
,133,,1996997,6,24,15,7,#¡VALOR!,#¡VALOR!,#¡VALOR!,#¡VALOR!,,,,,,,,,,,,,,,,,,,,,,,,,,,,,,,
,132,,1981982,6,24,15,7,#¡VALOR!,#¡VALOR!,#¡VALOR!,#¡VALOR!,,,,,,,,,,,,,,,,,,,,,,,,,,,,,,,
,131,,1966967,6,24,15,7,#¡VALOR!,#¡VALOR!,#¡VALOR!,#¡VALOR!,,,,,,,,,,,,,,,,,,,,,,,,,,,,,,,
,130,,1951952,6,24,15,7,#¡VALOR!,#¡VALOR!,#¡VALOR!,#¡VALOR!,,,,,,,,,,,,,,,,,,,,,,,,,,,,,,,
,129,,19369369,59,24,15,7,#¡VALOR!,#¡VALOR!,#¡VALOR!,#¡VALOR!,,,,,,,,,,,,,,,,,,,,,,,,,,,,,,,
,128,,19219219,59,24,15,7,#¡VALOR!,#¡VALOR!,#¡VALOR!,#¡VALOR!,,,,,,,,,,,,,,,,,,,,,,,,,,,,,,,
,127,,19069069,59,24,15,7,#¡VALOR!,#¡VALOR!,#¡VALOR!,#¡VALOR!,,,,,,,,,,,,,,,,,,,,,,,,,,,,,,,
,126,,18918919,59,23,14,7,#¡VALOR!,#¡VALOR!,#¡VALOR!,#¡VALOR!,,,,,,,,,,,,,,,,,,,,,,,,,,,,,,,
,125,,18768769,59,23,14,7,#¡VALOR!,#¡VALOR!,#¡VALOR!,#¡VALOR!,,,,,,,,,,,,,,,,,,,,,,,,,,,,,,,
,124,,18618619,59,23,14,7,#¡VALOR!,#¡VALOR!,#¡VALOR!,#¡VALOR!,,,,,,,,,,,,,,,,,,,,,,,,,,,,,,,
,123,,18468468,59,23,14,7,#¡VALOR!,#¡VALOR!,#¡VALOR!,#¡VALOR!,,,,,,,,,,,,,,,,,,,,,,,,,,,,,,,
,122,,18318318,59,23,14,7,#¡VALOR!,#¡VALOR!,#¡VALOR!,#¡VALOR!,,,,,,,,,,,,,,,,,,,,,,,,,,,,,,,
,121,,18168168,58,23,14,7,#¡VALOR!,#¡VALOR!,#¡VALOR!,#¡VALOR!,,,,,,,,,,,,,,,,,,,,,,,,,,,,,,,
,120,,18018018,58,23,14,7,#¡VALOR!,#¡VALOR!,#¡VALOR!,#¡VALOR!,,,,,,,,,,,,,,,,,,,,,,,,,,,,,,,
,119,,17867868,58,23,14,7,#¡VALOR!,#¡VALOR!,#¡VALOR!,#¡VALOR!,,,,,,,,,,,,,,,,,,,,,,,,,,,,,,,
,118,,17717718,58,22,14,7,#¡VALOR!,#¡VALOR!,#¡VALOR!,#¡VALOR!,,,,,,,,,,,,,,,,,,,,,,,,,,,,,,,
,117,,17567568,58,22,14,7,#¡VALOR!,#¡VALOR!,#¡VALOR!,#¡VALOR!,,,,,,,,,,,,,,,,,,,,,,,,,,,,,,,
,116,,17417417,58,22,13,7,#¡VALOR!,#¡VALOR!,#¡VALOR!,#¡VALOR!,,,,,,,,,,,,,,,,,,,,,,,,,,,,,,,
,115,,17267267,58,22,13,7,#¡VALOR!,#¡VALOR!,#¡VALOR!,#¡VALOR!,,,,,,,,,,,,,,,,,,,,,,,,,,,,,,,
,114,,17117117,57,22,13,7,#¡VALOR!,#¡VALOR!,#¡VALOR!,#¡VALOR!,,,,,,,,,,,,,,,,,,,,,,,,,,,,,,,
,113,,16966967,57,22,13,7,#¡VALOR!,#¡VALOR!,#¡VALOR!,#¡VALOR!,,,,,,,,,,,,,,,,,,,,,,,,,,,,,,,
,112,,16816817,57,22,13,7,#¡VALOR!,#¡VALOR!,#¡VALOR!,#¡VALOR!,,,,,,,,,,,,,,,,,,,,,,,,,,,,,,,
,111,,16666667,57,21,13,7,#¡VALOR!,#¡VALOR!,#¡VALOR!,#¡VALOR!,,,,,,,,,,,,,,,,,,,,,,,,,,,,,,,
,110,,16516517,57,21,13,7,#¡VALOR!,#¡VALOR!,#¡VALOR!,#¡VALOR!,,,,,,,,,,,,,,,,,,,,,,,,,,,,,,,
,109,,16366366,57,21,13,7,#¡VALOR!,#¡VALOR!,#¡VALOR!,#¡VALOR!,,,,,,,,,,,,,,,,,,,,,,,,,,,,,,,
,108,,16216216,56,21,13,7,#¡VALOR!,#¡VALOR!,#¡VALOR!,#¡VALOR!,,,,,,,,,,,,,,,,,,,,,,,,,,,,,,,
,107,,16066066,56,21,13,7,#¡VALOR!,#¡VALOR!,#¡VALOR!,#¡VALOR!,,,,,,,,,,,,,,,,,,,,,,,,,,,,,,,
,106,,15915916,56,21,12,7,#¡VALOR!,#¡VALOR!,#¡VALOR!,#¡VALOR!,,,,,,,,,,,,,,,,,,,,,,,,,,,,,,,
,105,,15765766,56,21,12,7,#¡VALOR!,#¡VALOR!,#¡VALOR!,#¡VALOR!,,,,,,,,,,,,,,,,,,,,,,,,,,,,,,,
,104,,15615616,56,21,12,6,#¡VALOR!,#¡VALOR!,#¡VALOR!,#¡VALOR!,,,,,,,,,,,,,,,,,,,,,,,,,,,,,,,
,103,,15465465,56,2,12,6,#¡VALOR!,#¡VALOR!,#¡VALOR!,#¡VALOR!,,,,,,,,,,,,,,,,,,,,,,,,,,,,,,,
,102,,15315315,55,2,12,6,#¡VALOR!,#¡VALOR!,#¡VALOR!,#¡VALOR!,,,,,,,,,,,,,,,,,,,,,,,,,,,,,,,
,101,,15165165,55,2,12,6,#¡VALOR!,#¡VALOR!,#¡VALOR!,#¡VALOR!,,,,,,,,,,,,,,,,,,,,,,,,,,,,,,,
,100,,15015015,55,2,12,6,#¡VALOR!,#¡VALOR!,#¡VALOR!,#¡VALOR!,,,,,,,,,,,,,,,,,,,,,,,,,,,,,,,
,99,,14864865,55,2,12,6,#¡VALOR!,#¡VALOR!,#¡VALOR!,#¡VALOR!,,,,,,,,,,,,,,,,,,,,,,,,,,,,,,,
,98,,14714715,55,2,12,6,#¡VALOR!,#¡VALOR!,#¡VALOR!,#¡VALOR!,,,,,,,,,,,,,,,,,,,,,,,,,,,,,,,
,97,,14564565,55,2,12,6,#¡VALOR!,#¡VALOR!,#¡VALOR!,#¡VALOR!,,,,,,,,,,,,,,,,,,,,,,,,,,,,,,,
,96,,14414414,54,19,11,6,#¡VALOR!,#¡VALOR!,#¡VALOR!,#¡VALOR!,,,,,,,,,,,,,,,,,,,,,,,,,,,,,,,
,95,,14264264,54,19,11,6,#¡VALOR!,#¡VALOR!,#¡VALOR!,#¡VALOR!,,,,,,,,,,,,,,,,,,,,,,,,,,,,,,,
,94,,14114114,54,19,11,6,#¡VALOR!,#¡VALOR!,#¡VALOR!,#¡VALOR!,,,,,,,,,,,,,,,,,,,,,,,,,,,,,,,
,93,,13963964,54,19,11,6,#¡VALOR!,#¡VALOR!,#¡VALOR!,#¡VALOR!,,,,,,,,,,,,,,,,,,,,,,,,,,,,,,,
,92,,13813814,54,19,11,6,#¡VALOR!,#¡VALOR!,#¡VALOR!,#¡VALOR!,,,,,,,,,,,,,,,,,,,,,,,,,,,,,,,
,91,,13663664,53,19,11,6,#¡VALOR!,#¡VALOR!,#¡VALOR!,#¡VALOR!,,,,,,,,,,,,,,,,,,,,,,,,,,,,,,,
,90,,13513514,53,18,11,6,#¡VALOR!,#¡VALOR!,#¡VALOR!,#¡VALOR!,,,,,,,,,,,,,,,,,,,,,,,,,,,,,,,
,89,,13363363,53,18,11,6,#¡VALOR!,#¡VALOR!,#¡VALOR!,#¡VALOR!,,,,,,,,,,,,,,,,,,,,,,,,,,,,,,,
,88,,13213213,53,18,11,6,#¡VALOR!,#¡VALOR!,#¡VALOR!,#¡VALOR!,,,,,,,,,,,,,,,,,,,,,,,,,,,,,,,
,87,,13063063,53,18,1,6,#¡VALOR!,#¡VALOR!,#¡VALOR!,#¡VALOR!,,,,,,,,,,,,,,,,,,,,,,,,,,,,,,,
,86,,12912913,52,18,1,6,#¡VALOR!,#¡VALOR!,#¡VALOR!,#¡VALOR!,,,,,,,,,,,,,,,,,,,,,,,,,,,,,,,
,85,,12762763,52,18,1,6,#¡VALOR!,#¡VALOR!,#¡VALOR!,#¡VALOR!,,,,,,,,,,,,,,,,,,,,,,,,,,,,,,,
,84,,12612613,52,18,1,6,#¡VALOR!,#¡VALOR!,#¡VALOR!,#¡VALOR!,,,,,,,,,,,,,,,,,,,,,,,,,,,,,,,
,83,,12462462,52,17,1,6,#¡VALOR!,#¡VALOR!,#¡VALOR!,#¡VALOR!,,,,,,,,,,,,,,,,,,,,,,,,,,,,,,,
,82,,12312312,51,17,1,6,#¡VALOR!,#¡VALOR!,#¡VALOR!,#¡VALOR!,,,,,,,,,,,,,,,,,,,,,,,,,,,,,,,
,81,,12162162,51,17,1,6,#¡VALOR!,#¡VALOR!,#¡VALOR!,#¡VALOR!,,,,,,,,,,,,,,,,,,,,,,,,,,,,,,,
,80,,12012012,51,17,1,5,#¡VALOR!,#¡VALOR!,#¡VALOR!,#¡VALOR!,,,,,,,,,,,,,,,,,,,,,,,,,,,,,,,
,79,,11861862,51,17,1,5,#¡VALOR!,#¡VALOR!,#¡VALOR!,#¡VALOR!,,,,,,,,,,,,,,,,,,,,,,,,,,,,,,,
,78,,11711712,51,17,9,5,#¡VALOR!,#¡VALOR!,#¡VALOR!,#¡VALOR!,,,,,,,,,,,,,,,,,,,,,,,,,,,,,,,
,77,,11561562,5,16,9,5,#¡VALOR!,#¡VALOR!,#¡VALOR!,#¡VALOR!,,,,,,,,,,,,,,,,,,,,,,,,,,,,,,,
,76,,11411411,5,16,9,5,#¡VALOR!,#¡VALOR!,#¡VALOR!,#¡VALOR!,,,,,,,,,,,,,,,,,,,,,,,,,,,,,,,
,75,,11261261,5,16,9,5,#¡VALOR!,#¡VALOR!,#¡VALOR!,#¡VALOR!,,,,,,,,,,,,,,,,,,,,,,,,,,,,,,,
,74,,11111111,5,16,9,5,#¡VALOR!,#¡VALOR!,#¡VALOR!,#¡VALOR!,,,,,,,,,,,,,,,,,,,,,,,,,,,,,,,
,73,,10960961,49,16,9,5,#¡VALOR!,#¡VALOR!,#¡VALOR!,#¡VALOR!,,,,,,,,,,,,,,,,,,,,,,,,,,,,,,,
,72,,10810811,49,16,9,5,#¡VALOR!,#¡VALOR!,#¡VALOR!,#¡VALOR!,,,,,,,,,,,,,,,,,,,,,,,,,,,,,,,
,71,,10660661,49,15,9,5,#¡VALOR!,#¡VALOR!,#¡VALOR!,#¡VALOR!,,,,,,,,,,,,,,,,,,,,,,,,,,,,,,,
,70,,10510511,48,15,9,5,#¡VALOR!,#¡VALOR!,#¡VALOR!,#¡VALOR!,,,,,,,,,,,,,,,,,,,,,,,,,,,,,,,
,69,,1036036,48,15,8,5,#¡VALOR!,#¡VALOR!,#¡VALOR!,#¡VALOR!,,,,,,,,,,,,,,,,,,,,,,,,,,,,,,,
,68,,1021021,48,15,8,5,#¡VALOR!,#¡VALOR!,#¡VALOR!,#¡VALOR!,,,,,,,,,,,,,,,,,,,,,,,,,,,,,,,
,67,,1006006,48,15,8,5,#¡VALOR!,#¡VALOR!,#¡VALOR!,#¡VALOR!,,,,,,,,,,,,,,,,,,,,,,,,,,,,,,,
,66,,990991,47,15,8,5,#¡VALOR!,#¡VALOR!,#¡VALOR!,#¡VALOR!,,,,,,,,,,,,,,,,,,,,,,,,,,,,,,,
,65,,975976,47,14,8,5,#¡VALOR!,#¡VALOR!,#¡VALOR!,#¡VALOR!,,,,,,,,,,,,,,,,,,,,,,,,,,,,,,,
,64,,960961,47,14,8,5,#¡VALOR!,#¡VALOR!,#¡VALOR!,#¡VALOR!,,,,,,,,,,,,,,,,,,,,,,,,,,,,,,,
,63,,9459459,46,14,8,5,#¡VALOR!,#¡VALOR!,#¡VALOR!,#¡VALOR!,,,,,,,,,,,,,,,,,,,,,,,,,,,,,,,
,62,,9309309,46,14,8,5,#¡VALOR!,#¡VALOR!,#¡VALOR!,#¡VALOR!,,,,,,,,,,,,,,,,,,,,,,,,,,,,,,,
,61,,9159159,46,14,7,5,#¡VALOR!,#¡VALOR!,#¡VALOR!,#¡VALOR!,,,,,,,,,,,,,,,,,,,,,,,,,,,,,,,
,60,,9009009,45,13,7,4,#¡VALOR!,#¡VALOR!,#¡VALOR!,#¡VALOR!,,,,,,,,,,,,,,,,,,,,,,,,,,,,,,,
,59,,8858859,45,13,7,4,#¡VALOR!,#¡VALOR!,#¡VALOR!,#¡VALOR!,,,,,,,,,,,,,,,,,,,,,,,,,,,,,,,
,58,,8708709,45,13,7,4,#¡VALOR!,#¡VALOR!,#¡VALOR!,#¡VALOR!,,,,,,,,,,,,,,,,,,,,,,,,,,,,,,,
,57,,8558559,44,13,7,4,#¡VALOR!,#¡VALOR!,#¡VALOR!,#¡VALOR!,,,,,,,,,,,,,,,,,,,,,,,,,,,,,,,
,56,,8408408,44,13,7,4,#¡VALOR!,#¡VALOR!,#¡VALOR!,#¡VALOR!,,,,,,,,,,,,,,,,,,,,,,,,,,,,,,,
,55,,8258258,44,13,7,4,#¡VALOR!,#¡VALOR!,#¡VALOR!,#¡VALOR!,,,,,,,,,,,,,,,,,,,,,,,,,,,,,,,
,54,,8108108,43,12,7,4,#¡VALOR!,#¡VALOR!,#¡VALOR!,#¡VALOR!,,,,,,,,,,,,,,,,,,,,,,,,,,,,,,,
,53,,7957958,43,12,6,4,#¡VALOR!,#¡VALOR!,#¡VALOR!,#¡VALOR!,,,,,,,,,,,,,,,,,,,,,,,,,,,,,,,
,52,,7807808,43,12,6,4,#¡VALOR!,#¡VALOR!,#¡VALOR!,#¡VALOR!,,,,,,,,,,,,,,,,,,,,,,,,,,,,,,,
,51,,7657658,42,12,6,4,#¡VALOR!,#¡VALOR!,#¡VALOR!,#¡VALOR!,,,,,,,,,,,,,,,,,,,,,,,,,,,,,,,
,50,,7507508,42,12,6,4,#¡VALOR!,#¡VALOR!,#¡VALOR!,#¡VALOR!,,,,,,,,,,,,,,,,,,,,,,,,,,,,,,,
,49,,7357357,42,11,6,4,#¡VALOR!,#¡VALOR!,#¡VALOR!,#¡VALOR!,,,,,,,,,,,,,,,,,,,,,,,,,,,,,,,
,48,,7207207,41,11,6,4,#¡VALOR!,#¡VALOR!,#¡VALOR!,#¡VALOR!,,,,,,,,,,,,,,,,,,,,,,,,,,,,,,,
,47,,7057057,41,11,6,4,#¡VALOR!,#¡VALOR!,#¡VALOR!,#¡VALOR!,,,,,,,,,,,,,,,,,,,,,,,,,,,,,,,
,46,,6906907,4,11,6,4,#¡VALOR!,#¡VALOR!,#¡VALOR!,#¡VALOR!,,,,,,,,,,,,,,,,,,,,,,,,,,,,,,,
,45,,6756757,4,11,5,4,#¡VALOR!,#¡VALOR!,#¡VALOR!,#¡VALOR!,,,,,,,,,,,,,,,,,,,,,,,,,,,,,,,
,44,,6606607,39,1,5,4,#¡VALOR!,#¡VALOR!,#¡VALOR!,#¡VALOR!,,,,,,,,,,,,,,,,,,,,,,,,,,,,,,,
,43,,6456456,39,1,5,3,#¡VALOR!,#¡VALOR!,#¡VALOR!,#¡VALOR!,,,,,,,,,,,,,,,,,,,,,,,,,,,,,,,
,42,,6306306,39,1,5,3,#¡VALOR!,#¡VALOR!,#¡VALOR!,#¡VALOR!,,,,,,,,,,,,,,,,,,,,,,,,,,,,,,,
,41,,6156156,38,1,5,3,#¡VALOR!,#¡VALOR!,#¡VALOR!,#¡VALOR!,,,,,,,,,,,,,,,,,,,,,,,,,,,,,,,
,40,,6006006,38,1,5,3,#¡VALOR!,#¡VALOR!,#¡VALOR!,#¡VALOR!,,,,,,,,,,,,,,,,,,,,,,,,,,,,,,,
,39,,5855856,37,9,5,3,#¡VALOR!,#¡VALOR!,#¡VALOR!,#¡VALOR!,,,,,,,,,,,,,,,,,,,,,,,,,,,,,,,
,38,,5705706,37,9,5,3,#¡VALOR!,#¡VALOR!,#¡VALOR!,#¡VALOR!,,,,,,,,,,,,,,,,,,,,,,,,,,,,,,,
,37,,5555556,36,9,4,3,#¡VALOR!,#¡VALOR!,#¡VALOR!,#¡VALOR!,,,,,,,,,,,,,,,,,,,,,,,,,,,,,,,
,36,,5405405,36,9,4,3,#¡VALOR!,#¡VALOR!,#¡VALOR!,#¡VALOR!,,,,,,,,,,,,,,,,,,,,,,,,,,,,,,,
,35,,5255255,35,9,4,3,#¡VALOR!,#¡VALOR!,#¡VALOR!,#¡VALOR!,,,,,,,,,,,,,,,,,,,,,,,,,,,,,,,
,34,,5105105,34,8,4,3,#¡VALOR!,#¡VALOR!,#¡VALOR!,#¡VALOR!,,,,,,,,,,,,,,,,,,,,,,,,,,,,,,,
,33,,4954955,34,8,4,3,#¡VALOR!,#¡VALOR!,#¡VALOR!,#¡VALOR!,,,,,,,,,,,,,,,,,,,,,,,,,,,,,,,
,32,,4804805,33,8,4,3,#¡VALOR!,#¡VALOR!,#¡VALOR!,#¡VALOR!,,,,,,,,,,,,,,,,,,,,,,,,,,,,,,,
,31,,4654655,33,8,4,3,#¡VALOR!,#¡VALOR!,#¡VALOR!,#¡VALOR!,,,,,,,,,,,,,,,,,,,,,,,,,,,,,,,
,30,,4504505,32,7,4,3,#¡VALOR!,#¡VALOR!,#¡VALOR!,#¡VALOR!,,,,,,,,,,,,,,,,,,,,,,,,,,,,,,,
,29,,4354354,32,7,3,3,#¡VALOR!,#¡VALOR!,#¡VALOR!,#¡VALOR!,,,,,,,,,,,,,,,,,,,,,,,,,,,,,,,
,28,,4204204,31,7,3,2,#¡VALOR!,#¡VALOR!,#¡VALOR!,#¡VALOR!,,,,,,,,,,,,,,,,,,,,,,,,,,,,,,,
,27,,4054054,3,7,3,2,#¡VALOR!,#¡VALOR!,#¡VALOR!,#¡VALOR!,,,,,,,,,,,,,,,,,,,,,,,,,,,,,,,
,26,,3903904,3,7,3,2,#¡VALOR!,#¡VALOR!,#¡VALOR!,#¡VALOR!,,,,,,,,,,,,,,,,,,,,,,,,,,,,,,,
,25,,3753754,29,6,3,2,#¡VALOR!,#¡VALOR!,#¡VALOR!,#¡VALOR!,,,,,,,,,,,,,,,,,,,,,,,,,,,,,,,
,24,,3603604,28,6,3,2,#¡VALOR!,#¡VALOR!,#¡VALOR!,#¡VALOR!,,,,,,,,,,,,,,,,,,,,,,,,,,,,,,,
,23,,3453453,27,6,3,2,#¡VALOR!,#¡VALOR!,#¡VALOR!,#¡VALOR!,,,,,,,,,,,,,,,,,,,,,,,,,,,,,,,
,22,,3303303,27,6,2,2,#¡VALOR!,#¡VALOR!,#¡VALOR!,#¡VALOR!,,,,,,,,,,,,,,,,,,,,,,,,,,,,,,,
,21,,3153153,26,5,2,2,#¡VALOR!,#¡VALOR!,#¡VALOR!,#¡VALOR!,,,,,,,,,,,,,,,,,,,,,,,,,,,,,,,
,20,,3003003,25,5,2,2,#¡VALOR!,#¡VALOR!,#¡VALOR!,#¡VALOR!,,,,,,,,,,,,,,,,,,,,,,,,,,,,,,,
,19,,2852853,24,5,2,2,#¡VALOR!,#¡VALOR!,#¡VALOR!,#¡VALOR!,,,,,,,,,,,,,,,,,,,,,,,,,,,,,,,
,18,,2702703,23,5,2,2,#¡VALOR!,#¡VALOR!,#¡VALOR!,#¡VALOR!,,,,,,,,,,,,,,,,,,,,,,,,,,,,,,,
,17,,2552553,23,4,2,2,#¡VALOR!,#¡VALOR!,#¡VALOR!,#¡VALOR!,,,,,,,,,,,,,,,,,,,,,,,,,,,,,,,
,16,,2402402,22,4,2,2,#¡VALOR!,#¡VALOR!,#¡VALOR!,#¡VALOR!,,,,,,,,,,,,,,,,,,,,,,,,,,,,,,,
,15,,2252252,21,4,2,1,#¡VALOR!,#¡VALOR!,#¡VALOR!,#¡VALOR!,,,,,,,,,,,,,,,,,,,,,,,,,,,,,,,
,14,,2102102,2,4,1,1,#¡VALOR!,#¡VALOR!,#¡VALOR!,#¡VALOR!,,,,,,,,,,,,,,,,,,,,,,,,,,,,,,,
,13,,1951952,19,3,1,1,#¡VALOR!,#¡VALOR!,#¡VALOR!,#¡VALOR!,,,,,,,,,,,,,,,,,,,,,,,,,,,,,,,
,12,,1801802,18,3,1,1,#¡VALOR!,#¡VALOR!,#¡VALOR!,#¡VALOR!,,,,,,,,,,,,,,,,,,,,,,,,,,,,,,,
,11,,1651652,17,3,1,1,#¡VALOR!,#¡VALOR!,#¡VALOR!,#¡VALOR!,,,,,,,,,,,,,,,,,,,,,,,,,,,,,,,
,10,,1501502,16,3,1,1,#¡VALOR!,#¡VALOR!,#¡VALOR!,#¡VALOR!,,,,,,,,,,,,,,,,,,,,,,,,,,,,,,,
,9,,1351351,14,2,1,1,#¡VALOR!,#¡VALOR!,#¡VALOR!,#¡VALOR!,,,,,,,,,,,,,,,,,,,,,,,,,,,,,,,
,8,,1201201,13,2,1,1,#¡VALOR!,#¡VALOR!,#¡VALOR!,#¡VALOR!,,,,,,,,,,,,,,,,,,,,,,,,,,,,,,,
,7,,1051051,12,2,1,1,#¡VALOR!,#¡VALOR!,#¡VALOR!,#¡VALOR!,,,,,,,,,,,,,,,,,,,,,,,,,,,,,,,
,6,,900901,1,2,1,1,#¡VALOR!,#¡VALOR!,#¡VALOR!,#¡VALOR!,,,,,,,,,,,,,,,,,,,,,,,,,,,,,,,
,5,,750751,9,1,0,1,#¡VALOR!,#¡VALOR!,#¡VALOR!,#¡VALOR!,,,,,,,,,,,,,,,,,,,,,,,,,,,,,,,
,4,,600601,8,1,0,0,#¡VALOR!,#¡VALOR!,#¡VALOR!,#¡VALOR!,,,,,,,,,,,,,,,,,,,,,,,,,,,,,,,
,3,,45045,6,1,0,0,#¡VALOR!,#¡VALOR!,#¡VALOR!,#¡VALOR!,,,,,,,,,,,,,,,,,,,,,,,,,,,,,,,
,2,,3003,4,1,0,0,#¡VALOR!,#¡VALOR!,#¡VALOR!,#¡VALOR!,,,,,,,,,,,,,,,,,,,,,,,,,,,,,,,
,1,,15015,2,0,0,0,#¡VALOR!,#¡VALOR!,#¡VALOR!,#¡VALOR!,,,,,,,,,,,,,,,,,,,,,,,,,,,,,,,
,0,,0,0,0,0,0,#¡VALOR!,#¡VALOR!,#¡VALOR!,#¡VALOR!,,,,,,,,,,,,,,,,,,,,,,,,,,,,,,,
,,,,,,,,,,,,,,,,,,,,,,,,,,,,,,,,,,,,,,,,,,
,,,,,,,,,,,,,,,,,,,,,,,,,,,,,,,,,,,,,,,,,,
,,,,,,,,,,,,,,,,,,,,,,,,,,,,,,,,,,,,,,,,,,
,,,,,,,,,,,,,,,,,,,,,,,,,,,,,,,,,,,,,,,,,,
,,,644.830,75,,,,,,,,,,,,,,,,,,,,,,,,,,,,,,,,,,,,,,
,,,644.830,0,,,,,,,,,,,,,,,,,,,,,,,,,,,,,,,,,,,,,,
,,,,,,,,,,,,,,,,,,,,,,,,,,,,,,,,,,,,,,,,,,
,,,325.102,,33,,,,,,,,,,,,,,,,,,,,,,,,,,,,,,,,,,,,,
,,,325.102,,0,,,,,,,,,,,,,,,,,,,,,,,,,,,,,,,,,,,,,
,,,,,,,,,,,,,,,,,,,,,,,,,,,,,,,,,,,,,,,,,,
,,,160.068,,,13,,,,,,,,,,,,,,,,,,,,,,,,,,,,,,,,,,,,
,,,160.068,,,0,,,,,,,,,,,,,,,,,,,,,,,,,,,,,,,,,,,,
,,,,,,,,,,,,,,,,,,,,,,,,,,,,,,,,,,,,,,,,,,
,,,70.000,,,,4,,,,,,,,,,,,,,,,,,,,,,,,,,,,,,,,,,,
,,,70.000,,,,0,,,,,,,,,,,,,,,,,,,,,,,,,,,,,,,,,,,
,,,,,,,,,,,,,,,,,,,,,,,,,,,,,,,,,,,,,,,,,,
,,,0,,,,,#¡VALOR!,,,,,,,,,,,,,,,,,,,,,,,,,,,,,,,,,,
,,,0,,,,,0,,,,,,,,,,,,,,,,,,,,,,,,,,,,,,,,,,
,,,,,,,,,,,,,,,,,,,,,,,,,,,,,,,,,,,,,,,,,,
,,,,,,,,,,,,,,,,,,,,,,,,,,,,,,,,,,,,,,,,,,
,,,0,,,,,,#¡VALOR!,,,,,,,,,,,,,,,,,,,,,,,,,,,,,,,,,
,,,0,,,,,,0,,,,,,,,,,,,,,,,,,,,,,,,,,,,,,,,,
,,,,,,,,,,,,,,,,,,,,,,,,,,,,,,,,,,,,,,,,,,
,,,0,,,,,,,#¡VALOR!,,,,,,,,,,,,,,,,,,,,,,,,,,,,,,,,
,,,0,,,,,,,0,,,,,,,,,,,,,,,,,,,,,,,,,,,,,,,,
,,,,,,,,,,,,,,,,,,,,,,,,,,,,,,,,,,,,,,,,,,
,,,,,,,,,,,,,,,,,,,,,,,,,,,,,,,,,,,,,,,,,,
,,,0,,,,,,,,#¡VALOR!,,,,,,,,,,,,,,,,,,,,,,,,,,,,,,,
,,,0,,,,,,,,0,,,,,,,,,,,,,,,,,,,,,,,,,,,,,,,